HashMap,17.0.2,1,32768,75-10-15,261980
HashMap,17.0.2,1,32768,75-10-15,249812
HashMap,17.0.2,1,32768,75-10-15,249762
HashMap,17.0.2,1,32768,75-10-15,250188
HashMap,17.0.2,1,32768,75-10-15,250634
HashMap,17.0.2,1,32768,75-10-15,248282
HashMap,17.0.2,1,32768,75-10-15,250066
HashMap,17.0.2,1,32768,75-10-15,250340
HashMap,17.0.2,1,32768,75-10-15,250420
HashMap,17.0.2,1,32768,75-10-15,250384
HashMap,17.0.2,3,32768,75-10-15,573261
HashMap,17.0.2,3,32768,75-10-15,574966
HashMap,17.0.2,3,32768,75-10-15,576977
HashMap,17.0.2,3,32768,75-10-15,575896
HashMap,17.0.2,3,32768,75-10-15,576463
HashMap,17.0.2,3,32768,75-10-15,575902
HashMap,17.0.2,3,32768,75-10-15,576653
HashMap,17.0.2,3,32768,75-10-15,575406
HashMap,17.0.2,3,32768,75-10-15,577162
HashMap,17.0.2,3,32768,75-10-15,574309
HashMap,17.0.2,6,32768,75-10-15,1056645
HashMap,17.0.2,6,32768,75-10-15,949515
HashMap,17.0.2,6,32768,75-10-15,950155
HashMap,17.0.2,6,32768,75-10-15,950598
HashMap,17.0.2,6,32768,75-10-15,955188
HashMap,17.0.2,6,32768,75-10-15,953250
HashMap,17.0.2,6,32768,75-10-15,947065
HashMap,17.0.2,6,32768,75-10-15,948499
HashMap,17.0.2,6,32768,75-10-15,947984
HashMap,17.0.2,6,32768,75-10-15,946530
HashMap,17.0.2,12,32768,75-10-15,1882076
HashMap,17.0.2,12,32768,75-10-15,1839508
HashMap,17.0.2,12,32768,75-10-15,1841782
HashMap,17.0.2,12,32768,75-10-15,1714258
HashMap,17.0.2,12,32768,75-10-15,1709534
HashMap,17.0.2,12,32768,75-10-15,1715688
HashMap,17.0.2,12,32768,75-10-15,1712307
HashMap,17.0.2,12,32768,75-10-15,1711696
HashMap,17.0.2,12,32768,75-10-15,1705820
HashMap,17.0.2,12,32768,75-10-15,1708680
HashMap,17.0.2,24,32768,75-10-15,3484177
HashMap,17.0.2,24,32768,75-10-15,3378557
HashMap,17.0.2,24,32768,75-10-15,3408247
HashMap,17.0.2,24,32768,75-10-15,3404450
HashMap,17.0.2,24,32768,75-10-15,3385582
HashMap,17.0.2,24,32768,75-10-15,3399746
HashMap,17.0.2,24,32768,75-10-15,3406876
HashMap,17.0.2,24,32768,75-10-15,3406799
HashMap,17.0.2,24,32768,75-10-15,3394426
HashMap,17.0.2,24,32768,75-10-15,3380610
HashMap,17.0.2,48,32768,75-10-15,3615648
HashMap,17.0.2,48,32768,75-10-15,3553598
HashMap,17.0.2,48,32768,75-10-15,3560079
HashMap,17.0.2,48,32768,75-10-15,3555031
HashMap,17.0.2,48,32768,75-10-15,3555953
HashMap,17.0.2,48,32768,75-10-15,3562586
HashMap,17.0.2,48,32768,75-10-15,3556751
HashMap,17.0.2,48,32768,75-10-15,3564791
HashMap,17.0.2,48,32768,75-10-15,3558325
HashMap,17.0.2,48,32768,75-10-15,3559627
HashMap,17.0.2,1,32768,18-65-17,187468
HashMap,17.0.2,1,32768,18-65-17,187881
HashMap,17.0.2,1,32768,18-65-17,187867
HashMap,17.0.2,1,32768,18-65-17,188050
HashMap,17.0.2,1,32768,18-65-17,187737
HashMap,17.0.2,1,32768,18-65-17,187546
HashMap,17.0.2,1,32768,18-65-17,188219
HashMap,17.0.2,1,32768,18-65-17,187930
HashMap,17.0.2,1,32768,18-65-17,187727
HashMap,17.0.2,1,32768,18-65-17,188171
HashMap,17.0.2,3,32768,18-65-17,469167
HashMap,17.0.2,3,32768,18-65-17,466878
HashMap,17.0.2,3,32768,18-65-17,467679
HashMap,17.0.2,3,32768,18-65-17,468664
HashMap,17.0.2,3,32768,18-65-17,467388
HashMap,17.0.2,3,32768,18-65-17,468079
HashMap,17.0.2,3,32768,18-65-17,466169
HashMap,17.0.2,3,32768,18-65-17,466823
HashMap,17.0.2,3,32768,18-65-17,466210
HashMap,17.0.2,3,32768,18-65-17,467343
HashMap,17.0.2,6,32768,18-65-17,879471
HashMap,17.0.2,6,32768,18-65-17,877591
HashMap,17.0.2,6,32768,18-65-17,877637
HashMap,17.0.2,6,32768,18-65-17,875632
HashMap,17.0.2,6,32768,18-65-17,874302
HashMap,17.0.2,6,32768,18-65-17,877065
HashMap,17.0.2,6,32768,18-65-17,875811
HashMap,17.0.2,6,32768,18-65-17,876330
HashMap,17.0.2,6,32768,18-65-17,875933
HashMap,17.0.2,6,32768,18-65-17,875825
HashMap,17.0.2,12,32768,18-65-17,1691150
HashMap,17.0.2,12,32768,18-65-17,1758633
HashMap,17.0.2,12,32768,18-65-17,1762945
HashMap,17.0.2,12,32768,18-65-17,1766379
HashMap,17.0.2,12,32768,18-65-17,1763680
HashMap,17.0.2,12,32768,18-65-17,1763542
HashMap,17.0.2,12,32768,18-65-17,1765519
HashMap,17.0.2,12,32768,18-65-17,1767534
HashMap,17.0.2,12,32768,18-65-17,1765660
HashMap,17.0.2,12,32768,18-65-17,1765990
HashMap,17.0.2,24,32768,18-65-17,3439135
HashMap,17.0.2,24,32768,18-65-17,3463868
HashMap,17.0.2,24,32768,18-65-17,3438900
HashMap,17.0.2,24,32768,18-65-17,3447867
HashMap,17.0.2,24,32768,18-65-17,3474296
HashMap,17.0.2,24,32768,18-65-17,3465372
HashMap,17.0.2,24,32768,18-65-17,3454231
HashMap,17.0.2,24,32768,18-65-17,3462996
HashMap,17.0.2,24,32768,18-65-17,3455610
HashMap,17.0.2,24,32768,18-65-17,3456437
HashMap,17.0.2,48,32768,18-65-17,3557724
HashMap,17.0.2,48,32768,18-65-17,3545717
HashMap,17.0.2,48,32768,18-65-17,3545469
HashMap,17.0.2,48,32768,18-65-17,3549227
HashMap,17.0.2,48,32768,18-65-17,3542039
HashMap,17.0.2,48,32768,18-65-17,3544236
HashMap,17.0.2,48,32768,18-65-17,3540313
HashMap,17.0.2,48,32768,18-65-17,3536626
HashMap,17.0.2,48,32768,18-65-17,3536431
HashMap,17.0.2,48,32768,18-65-17,3541692
HashMap,17.0.2,1,32768,15-10-75,56359
HashMap,17.0.2,1,32768,15-10-75,56062
HashMap,17.0.2,1,32768,15-10-75,56376
HashMap,17.0.2,1,32768,15-10-75,56388
HashMap,17.0.2,1,32768,15-10-75,56475
HashMap,17.0.2,1,32768,15-10-75,56148
HashMap,17.0.2,1,32768,15-10-75,56266
HashMap,17.0.2,1,32768,15-10-75,56327
HashMap,17.0.2,1,32768,15-10-75,56266
HashMap,17.0.2,1,32768,15-10-75,56151
HashMap,17.0.2,3,32768,15-10-75,148633
HashMap,17.0.2,3,32768,15-10-75,147340
HashMap,17.0.2,3,32768,15-10-75,147226
HashMap,17.0.2,3,32768,15-10-75,147801
HashMap,17.0.2,3,32768,15-10-75,147616
HashMap,17.0.2,3,32768,15-10-75,147136
HashMap,17.0.2,3,32768,15-10-75,147560
HashMap,17.0.2,3,32768,15-10-75,147314
HashMap,17.0.2,3,32768,15-10-75,147716
HashMap,17.0.2,3,32768,15-10-75,148128
HashMap,17.0.2,6,32768,15-10-75,248656
HashMap,17.0.2,6,32768,15-10-75,247583
HashMap,17.0.2,6,32768,15-10-75,247692
HashMap,17.0.2,6,32768,15-10-75,247916
HashMap,17.0.2,6,32768,15-10-75,247769
HashMap,17.0.2,6,32768,15-10-75,248141
HashMap,17.0.2,6,32768,15-10-75,248048
HashMap,17.0.2,6,32768,15-10-75,248086
HashMap,17.0.2,6,32768,15-10-75,247669
HashMap,17.0.2,6,32768,15-10-75,247351
HashMap,17.0.2,12,32768,15-10-75,412170
HashMap,17.0.2,12,32768,15-10-75,412886
HashMap,17.0.2,12,32768,15-10-75,412128
HashMap,17.0.2,12,32768,15-10-75,414911
HashMap,17.0.2,12,32768,15-10-75,413805
HashMap,17.0.2,12,32768,15-10-75,412911
HashMap,17.0.2,12,32768,15-10-75,410919
HashMap,17.0.2,12,32768,15-10-75,413757
HashMap,17.0.2,12,32768,15-10-75,413524
HashMap,17.0.2,12,32768,15-10-75,414440
HashMap,17.0.2,24,32768,15-10-75,696738
HashMap,17.0.2,24,32768,15-10-75,699487
HashMap,17.0.2,24,32768,15-10-75,703934
HashMap,17.0.2,24,32768,15-10-75,704636
HashMap,17.0.2,24,32768,15-10-75,705794
HashMap,17.0.2,24,32768,15-10-75,708436
HashMap,17.0.2,24,32768,15-10-75,705380
HashMap,17.0.2,24,32768,15-10-75,703200
HashMap,17.0.2,24,32768,15-10-75,704017
HashMap,17.0.2,24,32768,15-10-75,706156
HashMap,17.0.2,48,32768,15-10-75,749770
HashMap,17.0.2,48,32768,15-10-75,746438
HashMap,17.0.2,48,32768,15-10-75,738224
HashMap,17.0.2,48,32768,15-10-75,738019
HashMap,17.0.2,48,32768,15-10-75,738983
HashMap,17.0.2,48,32768,15-10-75,741268
HashMap,17.0.2,48,32768,15-10-75,739211
HashMap,17.0.2,48,32768,15-10-75,739760
HashMap,17.0.2,48,32768,15-10-75,741373
HashMap,17.0.2,48,32768,15-10-75,739124
HashMap,17.0.2,1,32768,38-25-37,108105
HashMap,17.0.2,1,32768,38-25-37,107711
HashMap,17.0.2,1,32768,38-25-37,107956
HashMap,17.0.2,1,32768,38-25-37,107245
HashMap,17.0.2,1,32768,38-25-37,107437
HashMap,17.0.2,1,32768,38-25-37,104949
HashMap,17.0.2,1,32768,38-25-37,107733
HashMap,17.0.2,1,32768,38-25-37,108054
HashMap,17.0.2,1,32768,38-25-37,107991
HashMap,17.0.2,1,32768,38-25-37,107915
HashMap,17.0.2,3,32768,38-25-37,255427
HashMap,17.0.2,3,32768,38-25-37,254861
HashMap,17.0.2,3,32768,38-25-37,255299
HashMap,17.0.2,3,32768,38-25-37,255766
HashMap,17.0.2,3,32768,38-25-37,255353
HashMap,17.0.2,3,32768,38-25-37,255623
HashMap,17.0.2,3,32768,38-25-37,252206
HashMap,17.0.2,3,32768,38-25-37,255322
HashMap,17.0.2,3,32768,38-25-37,255791
HashMap,17.0.2,3,32768,38-25-37,255282
HashMap,17.0.2,6,32768,38-25-37,421231
HashMap,17.0.2,6,32768,38-25-37,422122
HashMap,17.0.2,6,32768,38-25-37,419764
HashMap,17.0.2,6,32768,38-25-37,420560
HashMap,17.0.2,6,32768,38-25-37,421583
HashMap,17.0.2,6,32768,38-25-37,422099
HashMap,17.0.2,6,32768,38-25-37,422307
HashMap,17.0.2,6,32768,38-25-37,422697
HashMap,17.0.2,6,32768,38-25-37,420371
HashMap,17.0.2,6,32768,38-25-37,422635
HashMap,17.0.2,12,32768,38-25-37,738461
HashMap,17.0.2,12,32768,38-25-37,737851
HashMap,17.0.2,12,32768,38-25-37,756672
HashMap,17.0.2,12,32768,38-25-37,740315
HashMap,17.0.2,12,32768,38-25-37,738136
HashMap,17.0.2,12,32768,38-25-37,739520
HashMap,17.0.2,12,32768,38-25-37,738611
HashMap,17.0.2,12,32768,38-25-37,737552
HashMap,17.0.2,12,32768,38-25-37,754366
HashMap,17.0.2,12,32768,38-25-37,739256
HashMap,17.0.2,24,32768,38-25-37,1332885
HashMap,17.0.2,24,32768,38-25-37,1385654
HashMap,17.0.2,24,32768,38-25-37,1389907
HashMap,17.0.2,24,32768,38-25-37,1419449
HashMap,17.0.2,24,32768,38-25-37,1396609
HashMap,17.0.2,24,32768,38-25-37,1406539
HashMap,17.0.2,24,32768,38-25-37,1405245
HashMap,17.0.2,24,32768,38-25-37,1403297
HashMap,17.0.2,24,32768,38-25-37,1418618
HashMap,17.0.2,24,32768,38-25-37,1419015
HashMap,17.0.2,48,32768,38-25-37,1538907
HashMap,17.0.2,48,32768,38-25-37,1499541
HashMap,17.0.2,48,32768,38-25-37,1491214
HashMap,17.0.2,48,32768,38-25-37,1285750
HashMap,17.0.2,48,32768,38-25-37,1491231
HashMap,17.0.2,48,32768,38-25-37,1500532
HashMap,17.0.2,48,32768,38-25-37,1508281
HashMap,17.0.2,48,32768,38-25-37,1505357
HashMap,17.0.2,48,32768,38-25-37,1500331
HashMap,17.0.2,48,32768,38-25-37,1511112
HashMap,17.0.2,1,185363,75-10-15,40520
HashMap,17.0.2,1,185363,75-10-15,40089
HashMap,17.0.2,1,185363,75-10-15,40035
HashMap,17.0.2,1,185363,75-10-15,40173
HashMap,17.0.2,1,185363,75-10-15,39996
HashMap,17.0.2,1,185363,75-10-15,39889
HashMap,17.0.2,1,185363,75-10-15,40248
HashMap,17.0.2,1,185363,75-10-15,40165
HashMap,17.0.2,1,185363,75-10-15,40220
HashMap,17.0.2,1,185363,75-10-15,39971
HashMap,17.0.2,3,185363,75-10-15,110425
HashMap,17.0.2,3,185363,75-10-15,110491
HashMap,17.0.2,3,185363,75-10-15,110531
HashMap,17.0.2,3,185363,75-10-15,111291
HashMap,17.0.2,3,185363,75-10-15,110998
HashMap,17.0.2,3,185363,75-10-15,110994
HashMap,17.0.2,3,185363,75-10-15,111140
HashMap,17.0.2,3,185363,75-10-15,110929
HashMap,17.0.2,3,185363,75-10-15,111514
HashMap,17.0.2,3,185363,75-10-15,111114
HashMap,17.0.2,6,185363,75-10-15,188332
HashMap,17.0.2,6,185363,75-10-15,192297
HashMap,17.0.2,6,185363,75-10-15,191676
HashMap,17.0.2,6,185363,75-10-15,191573
HashMap,17.0.2,6,185363,75-10-15,193321
HashMap,17.0.2,6,185363,75-10-15,191469
HashMap,17.0.2,6,185363,75-10-15,192207
HashMap,17.0.2,6,185363,75-10-15,192668
HashMap,17.0.2,6,185363,75-10-15,193617
HashMap,17.0.2,6,185363,75-10-15,193092
HashMap,17.0.2,12,185363,75-10-15,304155
HashMap,17.0.2,12,185363,75-10-15,308004
HashMap,17.0.2,12,185363,75-10-15,305639
HashMap,17.0.2,12,185363,75-10-15,308015
HashMap,17.0.2,12,185363,75-10-15,304835
HashMap,17.0.2,12,185363,75-10-15,306089
HashMap,17.0.2,12,185363,75-10-15,308389
HashMap,17.0.2,12,185363,75-10-15,305318
HashMap,17.0.2,12,185363,75-10-15,308590
HashMap,17.0.2,12,185363,75-10-15,308807
HashMap,17.0.2,24,185363,75-10-15,461851
HashMap,17.0.2,24,185363,75-10-15,460018
HashMap,17.0.2,24,185363,75-10-15,465586
HashMap,17.0.2,24,185363,75-10-15,464036
HashMap,17.0.2,24,185363,75-10-15,467312
HashMap,17.0.2,24,185363,75-10-15,464875
HashMap,17.0.2,24,185363,75-10-15,462461
HashMap,17.0.2,24,185363,75-10-15,467835
HashMap,17.0.2,24,185363,75-10-15,469102
HashMap,17.0.2,24,185363,75-10-15,469662
HashMap,17.0.2,48,185363,75-10-15,585535
HashMap,17.0.2,48,185363,75-10-15,431519
HashMap,17.0.2,48,185363,75-10-15,430234
HashMap,17.0.2,48,185363,75-10-15,430751
HashMap,17.0.2,48,185363,75-10-15,438204
HashMap,17.0.2,48,185363,75-10-15,439537
HashMap,17.0.2,48,185363,75-10-15,437440
HashMap,17.0.2,48,185363,75-10-15,435977
HashMap,17.0.2,48,185363,75-10-15,443186
HashMap,17.0.2,48,185363,75-10-15,432473
HashMap,17.0.2,1,185363,18-65-17,28878
HashMap,17.0.2,1,185363,18-65-17,30570
HashMap,17.0.2,1,185363,18-65-17,30601
HashMap,17.0.2,1,185363,18-65-17,30672
HashMap,17.0.2,1,185363,18-65-17,30407
HashMap,17.0.2,1,185363,18-65-17,30556
HashMap,17.0.2,1,185363,18-65-17,30701
HashMap,17.0.2,1,185363,18-65-17,30633
HashMap,17.0.2,1,185363,18-65-17,30623
HashMap,17.0.2,1,185363,18-65-17,30690
HashMap,17.0.2,3,185363,18-65-17,65284
HashMap,17.0.2,3,185363,18-65-17,68824
HashMap,17.0.2,3,185363,18-65-17,68825
HashMap,17.0.2,3,185363,18-65-17,68655
HashMap,17.0.2,3,185363,18-65-17,68840
HashMap,17.0.2,3,185363,18-65-17,68868
HashMap,17.0.2,3,185363,18-65-17,68800
HashMap,17.0.2,3,185363,18-65-17,68398
HashMap,17.0.2,3,185363,18-65-17,68909
HashMap,17.0.2,3,185363,18-65-17,68649
HashMap,17.0.2,6,185363,18-65-17,102750
HashMap,17.0.2,6,185363,18-65-17,104138
HashMap,17.0.2,6,185363,18-65-17,104200
HashMap,17.0.2,6,185363,18-65-17,104484
HashMap,17.0.2,6,185363,18-65-17,104473
HashMap,17.0.2,6,185363,18-65-17,104632
HashMap,17.0.2,6,185363,18-65-17,104681
HashMap,17.0.2,6,185363,18-65-17,104563
HashMap,17.0.2,6,185363,18-65-17,104683
HashMap,17.0.2,6,185363,18-65-17,104681
HashMap,17.0.2,12,185363,18-65-17,155734
HashMap,17.0.2,12,185363,18-65-17,154678
HashMap,17.0.2,12,185363,18-65-17,154035
HashMap,17.0.2,12,185363,18-65-17,158747
HashMap,17.0.2,12,185363,18-65-17,157931
HashMap,17.0.2,12,185363,18-65-17,158900
HashMap,17.0.2,12,185363,18-65-17,159258
HashMap,17.0.2,12,185363,18-65-17,153729
HashMap,17.0.2,12,185363,18-65-17,154174
HashMap,17.0.2,12,185363,18-65-17,155480
HashMap,17.0.2,24,185363,18-65-17,230301
HashMap,17.0.2,24,185363,18-65-17,228075
HashMap,17.0.2,24,185363,18-65-17,233351
HashMap,17.0.2,24,185363,18-65-17,229450
HashMap,17.0.2,24,185363,18-65-17,232839
HashMap,17.0.2,24,185363,18-65-17,237291
HashMap,17.0.2,24,185363,18-65-17,233981
HashMap,17.0.2,24,185363,18-65-17,234289
HashMap,17.0.2,24,185363,18-65-17,228830
HashMap,17.0.2,24,185363,18-65-17,228637
HashMap,17.0.2,48,185363,18-65-17,281769
HashMap,17.0.2,48,185363,18-65-17,280320
HashMap,17.0.2,48,185363,18-65-17,280008
HashMap,17.0.2,48,185363,18-65-17,279740
HashMap,17.0.2,48,185363,18-65-17,280869
HashMap,17.0.2,48,185363,18-65-17,281083
HashMap,17.0.2,48,185363,18-65-17,280061
HashMap,17.0.2,48,185363,18-65-17,279639
HashMap,17.0.2,48,185363,18-65-17,279518
HashMap,17.0.2,48,185363,18-65-17,279851
HashMap,17.0.2,1,185363,15-10-75,8488
HashMap,17.0.2,1,185363,15-10-75,8713
HashMap,17.0.2,1,185363,15-10-75,8707
HashMap,17.0.2,1,185363,15-10-75,8680
HashMap,17.0.2,1,185363,15-10-75,8672
HashMap,17.0.2,1,185363,15-10-75,8691
HashMap,17.0.2,1,185363,15-10-75,8649
HashMap,17.0.2,1,185363,15-10-75,8712
HashMap,17.0.2,1,185363,15-10-75,8703
HashMap,17.0.2,1,185363,15-10-75,8649
HashMap,17.0.2,3,185363,15-10-75,24608
HashMap,17.0.2,3,185363,15-10-75,25246
HashMap,17.0.2,3,185363,15-10-75,25759
HashMap,17.0.2,3,185363,15-10-75,26114
HashMap,17.0.2,3,185363,15-10-75,26050
HashMap,17.0.2,3,185363,15-10-75,25923
HashMap,17.0.2,3,185363,15-10-75,25989
HashMap,17.0.2,3,185363,15-10-75,26074
HashMap,17.0.2,3,185363,15-10-75,25849
HashMap,17.0.2,3,185363,15-10-75,26034
HashMap,17.0.2,6,185363,15-10-75,47219
HashMap,17.0.2,6,185363,15-10-75,49320
HashMap,17.0.2,6,185363,15-10-75,50180
HashMap,17.0.2,6,185363,15-10-75,49766
HashMap,17.0.2,6,185363,15-10-75,49715
HashMap,17.0.2,6,185363,15-10-75,49502
HashMap,17.0.2,6,185363,15-10-75,49882
HashMap,17.0.2,6,185363,15-10-75,49735
HashMap,17.0.2,6,185363,15-10-75,50034
HashMap,17.0.2,6,185363,15-10-75,49979
HashMap,17.0.2,12,185363,15-10-75,85489
HashMap,17.0.2,12,185363,15-10-75,88252
HashMap,17.0.2,12,185363,15-10-75,88659
HashMap,17.0.2,12,185363,15-10-75,88225
HashMap,17.0.2,12,185363,15-10-75,88396
HashMap,17.0.2,12,185363,15-10-75,88622
HashMap,17.0.2,12,185363,15-10-75,88421
HashMap,17.0.2,12,185363,15-10-75,88924
HashMap,17.0.2,12,185363,15-10-75,88667
HashMap,17.0.2,12,185363,15-10-75,88264
HashMap,17.0.2,24,185363,15-10-75,149327
HashMap,17.0.2,24,185363,15-10-75,156704
HashMap,17.0.2,24,185363,15-10-75,158081
HashMap,17.0.2,24,185363,15-10-75,156077
HashMap,17.0.2,24,185363,15-10-75,159549
HashMap,17.0.2,24,185363,15-10-75,156163
HashMap,17.0.2,24,185363,15-10-75,156957
HashMap,17.0.2,24,185363,15-10-75,155936
HashMap,17.0.2,24,185363,15-10-75,158512
HashMap,17.0.2,24,185363,15-10-75,157786
HashMap,17.0.2,48,185363,15-10-75,154543
HashMap,17.0.2,48,185363,15-10-75,154248
HashMap,17.0.2,48,185363,15-10-75,151329
HashMap,17.0.2,48,185363,15-10-75,151214
HashMap,17.0.2,48,185363,15-10-75,151416
HashMap,17.0.2,48,185363,15-10-75,151033
HashMap,17.0.2,48,185363,15-10-75,150595
HashMap,17.0.2,48,185363,15-10-75,150599
HashMap,17.0.2,48,185363,15-10-75,152447
HashMap,17.0.2,48,185363,15-10-75,151514
HashMap,17.0.2,1,185363,38-25-37,16512
HashMap,17.0.2,1,185363,38-25-37,17170
HashMap,17.0.2,1,185363,38-25-37,17202
HashMap,17.0.2,1,185363,38-25-37,17109
HashMap,17.0.2,1,185363,38-25-37,17181
HashMap,17.0.2,1,185363,38-25-37,17220
HashMap,17.0.2,1,185363,38-25-37,17195
HashMap,17.0.2,1,185363,38-25-37,17151
HashMap,17.0.2,1,185363,38-25-37,17247
HashMap,17.0.2,1,185363,38-25-37,17190
HashMap,17.0.2,3,185363,38-25-37,45720
HashMap,17.0.2,3,185363,38-25-37,47694
HashMap,17.0.2,3,185363,38-25-37,47458
HashMap,17.0.2,3,185363,38-25-37,47643
HashMap,17.0.2,3,185363,38-25-37,47415
HashMap,17.0.2,3,185363,38-25-37,47585
HashMap,17.0.2,3,185363,38-25-37,47595
HashMap,17.0.2,3,185363,38-25-37,47558
HashMap,17.0.2,3,185363,38-25-37,47607
HashMap,17.0.2,3,185363,38-25-37,47809
HashMap,17.0.2,6,185363,38-25-37,78856
HashMap,17.0.2,6,185363,38-25-37,81853
HashMap,17.0.2,6,185363,38-25-37,83262
HashMap,17.0.2,6,185363,38-25-37,82719
HashMap,17.0.2,6,185363,38-25-37,82883
HashMap,17.0.2,6,185363,38-25-37,82746
HashMap,17.0.2,6,185363,38-25-37,83108
HashMap,17.0.2,6,185363,38-25-37,82946
HashMap,17.0.2,6,185363,38-25-37,82952
HashMap,17.0.2,6,185363,38-25-37,83253
HashMap,17.0.2,12,185363,38-25-37,127600
HashMap,17.0.2,12,185363,38-25-37,133543
HashMap,17.0.2,12,185363,38-25-37,134063
HashMap,17.0.2,12,185363,38-25-37,131892
HashMap,17.0.2,12,185363,38-25-37,134636
HashMap,17.0.2,12,185363,38-25-37,134195
HashMap,17.0.2,12,185363,38-25-37,134264
HashMap,17.0.2,12,185363,38-25-37,133444
HashMap,17.0.2,12,185363,38-25-37,132500
HashMap,17.0.2,12,185363,38-25-37,132370
HashMap,17.0.2,24,185363,38-25-37,194065
HashMap,17.0.2,24,185363,38-25-37,198290
HashMap,17.0.2,24,185363,38-25-37,193884
HashMap,17.0.2,24,185363,38-25-37,191804
HashMap,17.0.2,24,185363,38-25-37,195305
HashMap,17.0.2,24,185363,38-25-37,195368
HashMap,17.0.2,24,185363,38-25-37,196111
HashMap,17.0.2,24,185363,38-25-37,194528
HashMap,17.0.2,24,185363,38-25-37,193521
HashMap,17.0.2,24,185363,38-25-37,195283
HashMap,17.0.2,48,185363,38-25-37,213873
HashMap,17.0.2,48,185363,38-25-37,215306
HashMap,17.0.2,48,185363,38-25-37,213600
HashMap,17.0.2,48,185363,38-25-37,215413
HashMap,17.0.2,48,185363,38-25-37,216587
HashMap,17.0.2,48,185363,38-25-37,216082
HashMap,17.0.2,48,185363,38-25-37,216381
HashMap,17.0.2,48,185363,38-25-37,216225
HashMap,17.0.2,48,185363,38-25-37,216175
HashMap,17.0.2,48,185363,38-25-37,214515
HashMap,17.0.2,1,1048576,75-10-15,4158
HashMap,17.0.2,1,1048576,75-10-15,1503
HashMap,17.0.2,1,1048576,75-10-15,1556
HashMap,17.0.2,1,1048576,75-10-15,1379
HashMap,17.0.2,1,1048576,75-10-15,1351
HashMap,17.0.2,1,1048576,75-10-15,1604
HashMap,17.0.2,1,1048576,75-10-15,1623
HashMap,17.0.2,1,1048576,75-10-15,1622
HashMap,17.0.2,1,1048576,75-10-15,1634
HashMap,17.0.2,1,1048576,75-10-15,1608
HashMap,17.0.2,3,1048576,75-10-15,3671
HashMap,17.0.2,3,1048576,75-10-15,2820
HashMap,17.0.2,3,1048576,75-10-15,2528
HashMap,17.0.2,3,1048576,75-10-15,2813
HashMap,17.0.2,3,1048576,75-10-15,2845
HashMap,17.0.2,3,1048576,75-10-15,2845
HashMap,17.0.2,3,1048576,75-10-15,2856
HashMap,17.0.2,3,1048576,75-10-15,2860
HashMap,17.0.2,3,1048576,75-10-15,3036
HashMap,17.0.2,3,1048576,75-10-15,2838
HashMap,17.0.2,6,1048576,75-10-15,8271
HashMap,17.0.2,6,1048576,75-10-15,7538
HashMap,17.0.2,6,1048576,75-10-15,5747
HashMap,17.0.2,6,1048576,75-10-15,5744
HashMap,17.0.2,6,1048576,75-10-15,5804
HashMap,17.0.2,6,1048576,75-10-15,6314
HashMap,17.0.2,6,1048576,75-10-15,5800
HashMap,17.0.2,6,1048576,75-10-15,6191
HashMap,17.0.2,6,1048576,75-10-15,5730
HashMap,17.0.2,6,1048576,75-10-15,5745
HashMap,17.0.2,12,1048576,75-10-15,16396
HashMap,17.0.2,12,1048576,75-10-15,12322
HashMap,17.0.2,12,1048576,75-10-15,12066
HashMap,17.0.2,12,1048576,75-10-15,12086
HashMap,17.0.2,12,1048576,75-10-15,12140
HashMap,17.0.2,12,1048576,75-10-15,11967
HashMap,17.0.2,12,1048576,75-10-15,13008
HashMap,17.0.2,12,1048576,75-10-15,12266
HashMap,17.0.2,12,1048576,75-10-15,12202
HashMap,17.0.2,12,1048576,75-10-15,12211
HashMap,17.0.2,24,1048576,75-10-15,20410
HashMap,17.0.2,24,1048576,75-10-15,26501
HashMap,17.0.2,24,1048576,75-10-15,23917
HashMap,17.0.2,24,1048576,75-10-15,24214
HashMap,17.0.2,24,1048576,75-10-15,24241
HashMap,17.0.2,24,1048576,75-10-15,23883
HashMap,17.0.2,24,1048576,75-10-15,23958
HashMap,17.0.2,24,1048576,75-10-15,24148
HashMap,17.0.2,24,1048576,75-10-15,24136
HashMap,17.0.2,24,1048576,75-10-15,23860
HashMap,17.0.2,48,1048576,75-10-15,63303
HashMap,17.0.2,48,1048576,75-10-15,49635
HashMap,17.0.2,48,1048576,75-10-15,52088
HashMap,17.0.2,48,1048576,75-10-15,37920
HashMap,17.0.2,48,1048576,75-10-15,37878
HashMap,17.0.2,48,1048576,75-10-15,38303
HashMap,17.0.2,48,1048576,75-10-15,38415
HashMap,17.0.2,48,1048576,75-10-15,37770
HashMap,17.0.2,48,1048576,75-10-15,37584
HashMap,17.0.2,48,1048576,75-10-15,39799
HashMap,17.0.2,1,1048576,18-65-17,1395
HashMap,17.0.2,1,1048576,18-65-17,926
HashMap,17.0.2,1,1048576,18-65-17,946
HashMap,17.0.2,1,1048576,18-65-17,971
HashMap,17.0.2,1,1048576,18-65-17,966
HashMap,17.0.2,1,1048576,18-65-17,954
HashMap,17.0.2,1,1048576,18-65-17,942
HashMap,17.0.2,1,1048576,18-65-17,968
HashMap,17.0.2,1,1048576,18-65-17,962
HashMap,17.0.2,1,1048576,18-65-17,942
HashMap,17.0.2,3,1048576,18-65-17,2335
HashMap,17.0.2,3,1048576,18-65-17,2724
HashMap,17.0.2,3,1048576,18-65-17,2533
HashMap,17.0.2,3,1048576,18-65-17,2527
HashMap,17.0.2,3,1048576,18-65-17,2495
HashMap,17.0.2,3,1048576,18-65-17,2561
HashMap,17.0.2,3,1048576,18-65-17,2737
HashMap,17.0.2,3,1048576,18-65-17,2539
HashMap,17.0.2,3,1048576,18-65-17,2528
HashMap,17.0.2,3,1048576,18-65-17,2550
HashMap,17.0.2,6,1048576,18-65-17,4464
HashMap,17.0.2,6,1048576,18-65-17,5367
HashMap,17.0.2,6,1048576,18-65-17,5302
HashMap,17.0.2,6,1048576,18-65-17,5349
HashMap,17.0.2,6,1048576,18-65-17,5302
HashMap,17.0.2,6,1048576,18-65-17,5252
HashMap,17.0.2,6,1048576,18-65-17,5619
HashMap,17.0.2,6,1048576,18-65-17,5277
HashMap,17.0.2,6,1048576,18-65-17,5285
HashMap,17.0.2,6,1048576,18-65-17,5317
HashMap,17.0.2,12,1048576,18-65-17,9112
HashMap,17.0.2,12,1048576,18-65-17,10912
HashMap,17.0.2,12,1048576,18-65-17,10670
HashMap,17.0.2,12,1048576,18-65-17,10679
HashMap,17.0.2,12,1048576,18-65-17,10678
HashMap,17.0.2,12,1048576,18-65-17,10681
HashMap,17.0.2,12,1048576,18-65-17,10914
HashMap,17.0.2,12,1048576,18-65-17,10644
HashMap,17.0.2,12,1048576,18-65-17,10701
HashMap,17.0.2,12,1048576,18-65-17,10694
HashMap,17.0.2,24,1048576,18-65-17,20266
HashMap,17.0.2,24,1048576,18-65-17,23483
HashMap,17.0.2,24,1048576,18-65-17,24656
HashMap,17.0.2,24,1048576,18-65-17,21388
HashMap,17.0.2,24,1048576,18-65-17,21431
HashMap,17.0.2,24,1048576,18-65-17,22787
HashMap,17.0.2,24,1048576,18-65-17,21252
HashMap,17.0.2,24,1048576,18-65-17,21253
HashMap,17.0.2,24,1048576,18-65-17,21262
HashMap,17.0.2,24,1048576,18-65-17,21298
HashMap,17.0.2,48,1048576,18-65-17,55614
HashMap,17.0.2,48,1048576,18-65-17,33886
HashMap,17.0.2,48,1048576,18-65-17,36150
HashMap,17.0.2,48,1048576,18-65-17,33865
HashMap,17.0.2,48,1048576,18-65-17,35053
HashMap,17.0.2,48,1048576,18-65-17,35516
HashMap,17.0.2,48,1048576,18-65-17,34587
HashMap,17.0.2,48,1048576,18-65-17,34280
HashMap,17.0.2,48,1048576,18-65-17,34407
HashMap,17.0.2,48,1048576,18-65-17,33793
HashMap,17.0.2,1,1048576,15-10-75,163
HashMap,17.0.2,1,1048576,15-10-75,204
HashMap,17.0.2,1,1048576,15-10-75,182
HashMap,17.0.2,1,1048576,15-10-75,191
HashMap,17.0.2,1,1048576,15-10-75,187
HashMap,17.0.2,1,1048576,15-10-75,192
HashMap,17.0.2,1,1048576,15-10-75,203
HashMap,17.0.2,1,1048576,15-10-75,189
HashMap,17.0.2,1,1048576,15-10-75,188
HashMap,17.0.2,1,1048576,15-10-75,185
HashMap,17.0.2,3,1048576,15-10-75,489
HashMap,17.0.2,3,1048576,15-10-75,604
HashMap,17.0.2,3,1048576,15-10-75,571
HashMap,17.0.2,3,1048576,15-10-75,564
HashMap,17.0.2,3,1048576,15-10-75,561
HashMap,17.0.2,3,1048576,15-10-75,569
HashMap,17.0.2,3,1048576,15-10-75,566
HashMap,17.0.2,3,1048576,15-10-75,561
HashMap,17.0.2,3,1048576,15-10-75,637
HashMap,17.0.2,3,1048576,15-10-75,562
HashMap,17.0.2,6,1048576,15-10-75,1593
HashMap,17.0.2,6,1048576,15-10-75,1320
HashMap,17.0.2,6,1048576,15-10-75,1114
HashMap,17.0.2,6,1048576,15-10-75,1222
HashMap,17.0.2,6,1048576,15-10-75,1206
HashMap,17.0.2,6,1048576,15-10-75,1209
HashMap,17.0.2,6,1048576,15-10-75,1122
HashMap,17.0.2,6,1048576,15-10-75,1290
HashMap,17.0.2,6,1048576,15-10-75,1118
HashMap,17.0.2,6,1048576,15-10-75,1125
HashMap,17.0.2,12,1048576,15-10-75,2255
HashMap,17.0.2,12,1048576,15-10-75,2632
HashMap,17.0.2,12,1048576,15-10-75,2558
HashMap,17.0.2,12,1048576,15-10-75,2877
HashMap,17.0.2,12,1048576,15-10-75,2473
HashMap,17.0.2,12,1048576,15-10-75,2449
HashMap,17.0.2,12,1048576,15-10-75,2434
HashMap,17.0.2,12,1048576,15-10-75,2827
HashMap,17.0.2,12,1048576,15-10-75,2740
HashMap,17.0.2,12,1048576,15-10-75,2446
HashMap,17.0.2,24,1048576,15-10-75,6562
HashMap,17.0.2,24,1048576,15-10-75,5593
HashMap,17.0.2,24,1048576,15-10-75,5162
HashMap,17.0.2,24,1048576,15-10-75,5046
HashMap,17.0.2,24,1048576,15-10-75,5731
HashMap,17.0.2,24,1048576,15-10-75,5560
HashMap,17.0.2,24,1048576,15-10-75,5040
HashMap,17.0.2,24,1048576,15-10-75,5046
HashMap,17.0.2,24,1048576,15-10-75,5074
HashMap,17.0.2,24,1048576,15-10-75,5025
HashMap,17.0.2,48,1048576,15-10-75,10661
HashMap,17.0.2,48,1048576,15-10-75,7865
HashMap,17.0.2,48,1048576,15-10-75,8290
HashMap,17.0.2,48,1048576,15-10-75,7222
HashMap,17.0.2,48,1048576,15-10-75,7226
HashMap,17.0.2,48,1048576,15-10-75,6862
HashMap,17.0.2,48,1048576,15-10-75,7241
HashMap,17.0.2,48,1048576,15-10-75,8882
HashMap,17.0.2,48,1048576,15-10-75,7164
HashMap,17.0.2,48,1048576,15-10-75,7801
HashMap,17.0.2,1,1048576,38-25-37,464
HashMap,17.0.2,1,1048576,38-25-37,386
HashMap,17.0.2,1,1048576,38-25-37,344
HashMap,17.0.2,1,1048576,38-25-37,393
HashMap,17.0.2,1,1048576,38-25-37,389
HashMap,17.0.2,1,1048576,38-25-37,389
HashMap,17.0.2,1,1048576,38-25-37,390
HashMap,17.0.2,1,1048576,38-25-37,400
HashMap,17.0.2,1,1048576,38-25-37,420
HashMap,17.0.2,1,1048576,38-25-37,395
HashMap,17.0.2,3,1048576,38-25-37,1530
HashMap,17.0.2,3,1048576,38-25-37,1002
HashMap,17.0.2,3,1048576,38-25-37,1143
HashMap,17.0.2,3,1048576,38-25-37,1168
HashMap,17.0.2,3,1048576,38-25-37,1223
HashMap,17.0.2,3,1048576,38-25-37,1195
HashMap,17.0.2,3,1048576,38-25-37,1179
HashMap,17.0.2,3,1048576,38-25-37,1186
HashMap,17.0.2,3,1048576,38-25-37,1173
HashMap,17.0.2,3,1048576,38-25-37,1312
HashMap,17.0.2,6,1048576,38-25-37,3124
HashMap,17.0.2,6,1048576,38-25-37,2215
HashMap,17.0.2,6,1048576,38-25-37,2320
HashMap,17.0.2,6,1048576,38-25-37,2381
HashMap,17.0.2,6,1048576,38-25-37,2333
HashMap,17.0.2,6,1048576,38-25-37,2291
HashMap,17.0.2,6,1048576,38-25-37,2420
HashMap,17.0.2,6,1048576,38-25-37,2444
HashMap,17.0.2,6,1048576,38-25-37,2410
HashMap,17.0.2,6,1048576,38-25-37,2344
HashMap,17.0.2,12,1048576,38-25-37,7950
HashMap,17.0.2,12,1048576,38-25-37,5634
HashMap,17.0.2,12,1048576,38-25-37,5667
HashMap,17.0.2,12,1048576,38-25-37,6878
HashMap,17.0.2,12,1048576,38-25-37,5686
HashMap,17.0.2,12,1048576,38-25-37,5632
HashMap,17.0.2,12,1048576,38-25-37,5658
HashMap,17.0.2,12,1048576,38-25-37,7054
HashMap,17.0.2,12,1048576,38-25-37,5601
HashMap,17.0.2,12,1048576,38-25-37,5496
HashMap,17.0.2,24,1048576,38-25-37,15760
HashMap,17.0.2,24,1048576,38-25-37,11344
HashMap,17.0.2,24,1048576,38-25-37,11374
HashMap,17.0.2,24,1048576,38-25-37,11388
HashMap,17.0.2,24,1048576,38-25-37,11301
HashMap,17.0.2,24,1048576,38-25-37,11468
HashMap,17.0.2,24,1048576,38-25-37,11373
HashMap,17.0.2,24,1048576,38-25-37,11337
HashMap,17.0.2,24,1048576,38-25-37,11280
HashMap,17.0.2,24,1048576,38-25-37,11434
HashMap,17.0.2,48,1048576,38-25-37,12592
HashMap,17.0.2,48,1048576,38-25-37,15248
HashMap,17.0.2,48,1048576,38-25-37,16545
HashMap,17.0.2,48,1048576,38-25-37,13417
HashMap,17.0.2,48,1048576,38-25-37,16342
HashMap,17.0.2,48,1048576,38-25-37,14235
HashMap,17.0.2,48,1048576,38-25-37,13487
HashMap,17.0.2,48,1048576,38-25-37,13533
HashMap,17.0.2,48,1048576,38-25-37,16231
HashMap,17.0.2,48,1048576,38-25-37,12956
