HashMap,1.8.0_312,1,32768,75-10-15,218912
HashMap,1.8.0_312,1,32768,75-10-15,206328
HashMap,1.8.0_312,1,32768,75-10-15,207475
HashMap,1.8.0_312,1,32768,75-10-15,203493
HashMap,1.8.0_312,1,32768,75-10-15,206849
HashMap,1.8.0_312,1,32768,75-10-15,205550
HashMap,1.8.0_312,1,32768,75-10-15,205785
HashMap,1.8.0_312,1,32768,75-10-15,204130
HashMap,1.8.0_312,1,32768,75-10-15,205463
HashMap,1.8.0_312,1,32768,75-10-15,205972
HashMap,1.8.0_312,3,32768,75-10-15,545517
HashMap,1.8.0_312,3,32768,75-10-15,522166
HashMap,1.8.0_312,3,32768,75-10-15,524857
HashMap,1.8.0_312,3,32768,75-10-15,524438
HashMap,1.8.0_312,3,32768,75-10-15,527520
HashMap,1.8.0_312,3,32768,75-10-15,533819
HashMap,1.8.0_312,3,32768,75-10-15,539864
HashMap,1.8.0_312,3,32768,75-10-15,534107
HashMap,1.8.0_312,3,32768,75-10-15,533133
HashMap,1.8.0_312,3,32768,75-10-15,534742
HashMap,1.8.0_312,6,32768,75-10-15,989734
HashMap,1.8.0_312,6,32768,75-10-15,962741
HashMap,1.8.0_312,6,32768,75-10-15,960758
HashMap,1.8.0_312,6,32768,75-10-15,959857
HashMap,1.8.0_312,6,32768,75-10-15,959964
HashMap,1.8.0_312,6,32768,75-10-15,958707
HashMap,1.8.0_312,6,32768,75-10-15,954330
HashMap,1.8.0_312,6,32768,75-10-15,956583
HashMap,1.8.0_312,6,32768,75-10-15,952699
HashMap,1.8.0_312,6,32768,75-10-15,951421
HashMap,1.8.0_312,12,32768,75-10-15,1899365
HashMap,1.8.0_312,12,32768,75-10-15,1788582
HashMap,1.8.0_312,12,32768,75-10-15,1794277
HashMap,1.8.0_312,12,32768,75-10-15,1755960
HashMap,1.8.0_312,12,32768,75-10-15,1787656
HashMap,1.8.0_312,12,32768,75-10-15,1789440
HashMap,1.8.0_312,12,32768,75-10-15,1791704
HashMap,1.8.0_312,12,32768,75-10-15,1789751
HashMap,1.8.0_312,12,32768,75-10-15,1784563
HashMap,1.8.0_312,12,32768,75-10-15,1788823
HashMap,1.8.0_312,24,32768,75-10-15,3720313
HashMap,1.8.0_312,24,32768,75-10-15,3337102
HashMap,1.8.0_312,24,32768,75-10-15,3270809
HashMap,1.8.0_312,24,32768,75-10-15,3277602
HashMap,1.8.0_312,24,32768,75-10-15,3252740
HashMap,1.8.0_312,24,32768,75-10-15,3261381
HashMap,1.8.0_312,24,32768,75-10-15,3252611
HashMap,1.8.0_312,24,32768,75-10-15,3262353
HashMap,1.8.0_312,24,32768,75-10-15,3269383
HashMap,1.8.0_312,24,32768,75-10-15,3239931
HashMap,1.8.0_312,48,32768,75-10-15,3588453
HashMap,1.8.0_312,48,32768,75-10-15,3431104
HashMap,1.8.0_312,48,32768,75-10-15,3425112
HashMap,1.8.0_312,48,32768,75-10-15,3426365
HashMap,1.8.0_312,48,32768,75-10-15,3422621
HashMap,1.8.0_312,48,32768,75-10-15,3437514
HashMap,1.8.0_312,48,32768,75-10-15,3458427
HashMap,1.8.0_312,48,32768,75-10-15,3436158
HashMap,1.8.0_312,48,32768,75-10-15,3415508
HashMap,1.8.0_312,48,32768,75-10-15,3438186
HashMap,1.8.0_312,1,32768,18-65-17,170257
HashMap,1.8.0_312,1,32768,18-65-17,163452
HashMap,1.8.0_312,1,32768,18-65-17,166388
HashMap,1.8.0_312,1,32768,18-65-17,169664
HashMap,1.8.0_312,1,32768,18-65-17,163273
HashMap,1.8.0_312,1,32768,18-65-17,164939
HashMap,1.8.0_312,1,32768,18-65-17,163180
HashMap,1.8.0_312,1,32768,18-65-17,164466
HashMap,1.8.0_312,1,32768,18-65-17,164199
HashMap,1.8.0_312,1,32768,18-65-17,165563
HashMap,1.8.0_312,3,32768,18-65-17,451220
HashMap,1.8.0_312,3,32768,18-65-17,445955
HashMap,1.8.0_312,3,32768,18-65-17,443489
HashMap,1.8.0_312,3,32768,18-65-17,443821
HashMap,1.8.0_312,3,32768,18-65-17,442185
HashMap,1.8.0_312,3,32768,18-65-17,443764
HashMap,1.8.0_312,3,32768,18-65-17,442854
HashMap,1.8.0_312,3,32768,18-65-17,444399
HashMap,1.8.0_312,3,32768,18-65-17,443035
HashMap,1.8.0_312,3,32768,18-65-17,443526
HashMap,1.8.0_312,6,32768,18-65-17,885872
HashMap,1.8.0_312,6,32768,18-65-17,875535
HashMap,1.8.0_312,6,32768,18-65-17,878964
HashMap,1.8.0_312,6,32768,18-65-17,881226
HashMap,1.8.0_312,6,32768,18-65-17,878954
HashMap,1.8.0_312,6,32768,18-65-17,879553
HashMap,1.8.0_312,6,32768,18-65-17,878967
HashMap,1.8.0_312,6,32768,18-65-17,886718
HashMap,1.8.0_312,6,32768,18-65-17,881254
HashMap,1.8.0_312,6,32768,18-65-17,882884
HashMap,1.8.0_312,12,32768,18-65-17,1824360
HashMap,1.8.0_312,12,32768,18-65-17,1748369
HashMap,1.8.0_312,12,32768,18-65-17,1743975
HashMap,1.8.0_312,12,32768,18-65-17,1679899
HashMap,1.8.0_312,12,32768,18-65-17,1691930
HashMap,1.8.0_312,12,32768,18-65-17,1748725
HashMap,1.8.0_312,12,32768,18-65-17,1751424
HashMap,1.8.0_312,12,32768,18-65-17,1750656
HashMap,1.8.0_312,12,32768,18-65-17,1750306
HashMap,1.8.0_312,12,32768,18-65-17,1696160
HashMap,1.8.0_312,24,32768,18-65-17,3463983
HashMap,1.8.0_312,24,32768,18-65-17,3272818
HashMap,1.8.0_312,24,32768,18-65-17,3194594
HashMap,1.8.0_312,24,32768,18-65-17,3226721
HashMap,1.8.0_312,24,32768,18-65-17,3244254
HashMap,1.8.0_312,24,32768,18-65-17,3243755
HashMap,1.8.0_312,24,32768,18-65-17,3235565
HashMap,1.8.0_312,24,32768,18-65-17,3246643
HashMap,1.8.0_312,24,32768,18-65-17,3242609
HashMap,1.8.0_312,24,32768,18-65-17,3204447
HashMap,1.8.0_312,48,32768,18-65-17,3672754
HashMap,1.8.0_312,48,32768,18-65-17,3556927
HashMap,1.8.0_312,48,32768,18-65-17,3562332
HashMap,1.8.0_312,48,32768,18-65-17,3528698
HashMap,1.8.0_312,48,32768,18-65-17,3573098
HashMap,1.8.0_312,48,32768,18-65-17,3574396
HashMap,1.8.0_312,48,32768,18-65-17,3556408
HashMap,1.8.0_312,48,32768,18-65-17,3567763
HashMap,1.8.0_312,48,32768,18-65-17,3579531
HashMap,1.8.0_312,48,32768,18-65-17,3576821
HashMap,1.8.0_312,1,32768,15-10-75,45041
HashMap,1.8.0_312,1,32768,15-10-75,41696
HashMap,1.8.0_312,1,32768,15-10-75,41289
HashMap,1.8.0_312,1,32768,15-10-75,40980
HashMap,1.8.0_312,1,32768,15-10-75,41492
HashMap,1.8.0_312,1,32768,15-10-75,41601
HashMap,1.8.0_312,1,32768,15-10-75,42269
HashMap,1.8.0_312,1,32768,15-10-75,41354
HashMap,1.8.0_312,1,32768,15-10-75,41832
HashMap,1.8.0_312,1,32768,15-10-75,42035
HashMap,1.8.0_312,3,32768,15-10-75,129095
HashMap,1.8.0_312,3,32768,15-10-75,122466
HashMap,1.8.0_312,3,32768,15-10-75,122098
HashMap,1.8.0_312,3,32768,15-10-75,121023
HashMap,1.8.0_312,3,32768,15-10-75,121617
HashMap,1.8.0_312,3,32768,15-10-75,120487
HashMap,1.8.0_312,3,32768,15-10-75,121101
HashMap,1.8.0_312,3,32768,15-10-75,122374
HashMap,1.8.0_312,3,32768,15-10-75,120520
HashMap,1.8.0_312,3,32768,15-10-75,120837
HashMap,1.8.0_312,6,32768,15-10-75,232842
HashMap,1.8.0_312,6,32768,15-10-75,223853
HashMap,1.8.0_312,6,32768,15-10-75,223684
HashMap,1.8.0_312,6,32768,15-10-75,222839
HashMap,1.8.0_312,6,32768,15-10-75,223274
HashMap,1.8.0_312,6,32768,15-10-75,224474
HashMap,1.8.0_312,6,32768,15-10-75,223153
HashMap,1.8.0_312,6,32768,15-10-75,223144
HashMap,1.8.0_312,6,32768,15-10-75,223590
HashMap,1.8.0_312,6,32768,15-10-75,222404
HashMap,1.8.0_312,12,32768,15-10-75,427283
HashMap,1.8.0_312,12,32768,15-10-75,414942
HashMap,1.8.0_312,12,32768,15-10-75,413007
HashMap,1.8.0_312,12,32768,15-10-75,413025
HashMap,1.8.0_312,12,32768,15-10-75,406013
HashMap,1.8.0_312,12,32768,15-10-75,405033
HashMap,1.8.0_312,12,32768,15-10-75,405998
HashMap,1.8.0_312,12,32768,15-10-75,405432
HashMap,1.8.0_312,12,32768,15-10-75,404104
HashMap,1.8.0_312,12,32768,15-10-75,404429
HashMap,1.8.0_312,24,32768,15-10-75,771223
HashMap,1.8.0_312,24,32768,15-10-75,704380
HashMap,1.8.0_312,24,32768,15-10-75,695027
HashMap,1.8.0_312,24,32768,15-10-75,691339
HashMap,1.8.0_312,24,32768,15-10-75,693659
HashMap,1.8.0_312,24,32768,15-10-75,694418
HashMap,1.8.0_312,24,32768,15-10-75,692830
HashMap,1.8.0_312,24,32768,15-10-75,692225
HashMap,1.8.0_312,24,32768,15-10-75,691960
HashMap,1.8.0_312,24,32768,15-10-75,696269
HashMap,1.8.0_312,48,32768,15-10-75,771463
HashMap,1.8.0_312,48,32768,15-10-75,712395
HashMap,1.8.0_312,48,32768,15-10-75,711203
HashMap,1.8.0_312,48,32768,15-10-75,704733
HashMap,1.8.0_312,48,32768,15-10-75,713802
HashMap,1.8.0_312,48,32768,15-10-75,706848
HashMap,1.8.0_312,48,32768,15-10-75,716312
HashMap,1.8.0_312,48,32768,15-10-75,715662
HashMap,1.8.0_312,48,32768,15-10-75,703005
HashMap,1.8.0_312,48,32768,15-10-75,702543
HashMap,1.8.0_312,1,32768,38-25-37,91405
HashMap,1.8.0_312,1,32768,38-25-37,84097
HashMap,1.8.0_312,1,32768,38-25-37,84687
HashMap,1.8.0_312,1,32768,38-25-37,84716
HashMap,1.8.0_312,1,32768,38-25-37,84199
HashMap,1.8.0_312,1,32768,38-25-37,84208
HashMap,1.8.0_312,1,32768,38-25-37,84675
HashMap,1.8.0_312,1,32768,38-25-37,85944
HashMap,1.8.0_312,1,32768,38-25-37,84350
HashMap,1.8.0_312,1,32768,38-25-37,84604
HashMap,1.8.0_312,3,32768,38-25-37,232074
HashMap,1.8.0_312,3,32768,38-25-37,224907
HashMap,1.8.0_312,3,32768,38-25-37,224159
HashMap,1.8.0_312,3,32768,38-25-37,224413
HashMap,1.8.0_312,3,32768,38-25-37,223087
HashMap,1.8.0_312,3,32768,38-25-37,223378
HashMap,1.8.0_312,3,32768,38-25-37,222944
HashMap,1.8.0_312,3,32768,38-25-37,222756
HashMap,1.8.0_312,3,32768,38-25-37,223369
HashMap,1.8.0_312,3,32768,38-25-37,223426
HashMap,1.8.0_312,6,32768,38-25-37,417362
HashMap,1.8.0_312,6,32768,38-25-37,404025
HashMap,1.8.0_312,6,32768,38-25-37,402587
HashMap,1.8.0_312,6,32768,38-25-37,405985
HashMap,1.8.0_312,6,32768,38-25-37,407624
HashMap,1.8.0_312,6,32768,38-25-37,407611
HashMap,1.8.0_312,6,32768,38-25-37,406605
HashMap,1.8.0_312,6,32768,38-25-37,405781
HashMap,1.8.0_312,6,32768,38-25-37,408801
HashMap,1.8.0_312,6,32768,38-25-37,406332
HashMap,1.8.0_312,12,32768,38-25-37,802454
HashMap,1.8.0_312,12,32768,38-25-37,785667
HashMap,1.8.0_312,12,32768,38-25-37,784443
HashMap,1.8.0_312,12,32768,38-25-37,768380
HashMap,1.8.0_312,12,32768,38-25-37,767670
HashMap,1.8.0_312,12,32768,38-25-37,746030
HashMap,1.8.0_312,12,32768,38-25-37,749787
HashMap,1.8.0_312,12,32768,38-25-37,748198
HashMap,1.8.0_312,12,32768,38-25-37,748562
HashMap,1.8.0_312,12,32768,38-25-37,752460
HashMap,1.8.0_312,24,32768,38-25-37,1505735
HashMap,1.8.0_312,24,32768,38-25-37,1435159
HashMap,1.8.0_312,24,32768,38-25-37,1390532
HashMap,1.8.0_312,24,32768,38-25-37,1386750
HashMap,1.8.0_312,24,32768,38-25-37,1397771
HashMap,1.8.0_312,24,32768,38-25-37,1394056
HashMap,1.8.0_312,24,32768,38-25-37,1382186
HashMap,1.8.0_312,24,32768,38-25-37,1390502
HashMap,1.8.0_312,24,32768,38-25-37,1385658
HashMap,1.8.0_312,24,32768,38-25-37,1386316
HashMap,1.8.0_312,48,32768,38-25-37,1530559
HashMap,1.8.0_312,48,32768,38-25-37,1460734
HashMap,1.8.0_312,48,32768,38-25-37,1491215
HashMap,1.8.0_312,48,32768,38-25-37,1464578
HashMap,1.8.0_312,48,32768,38-25-37,1494349
HashMap,1.8.0_312,48,32768,38-25-37,1468007
HashMap,1.8.0_312,48,32768,38-25-37,1485506
HashMap,1.8.0_312,48,32768,38-25-37,1481112
HashMap,1.8.0_312,48,32768,38-25-37,1475654
HashMap,1.8.0_312,48,32768,38-25-37,1480551
HashMap,1.8.0_312,1,185363,75-10-15,41073
HashMap,1.8.0_312,1,185363,75-10-15,32132
HashMap,1.8.0_312,1,185363,75-10-15,32068
HashMap,1.8.0_312,1,185363,75-10-15,32235
HashMap,1.8.0_312,1,185363,75-10-15,32011
HashMap,1.8.0_312,1,185363,75-10-15,32071
HashMap,1.8.0_312,1,185363,75-10-15,32532
HashMap,1.8.0_312,1,185363,75-10-15,32402
HashMap,1.8.0_312,1,185363,75-10-15,32538
HashMap,1.8.0_312,1,185363,75-10-15,32584
HashMap,1.8.0_312,3,185363,75-10-15,115223
HashMap,1.8.0_312,3,185363,75-10-15,93776
HashMap,1.8.0_312,3,185363,75-10-15,93192
HashMap,1.8.0_312,3,185363,75-10-15,93015
HashMap,1.8.0_312,3,185363,75-10-15,93242
HashMap,1.8.0_312,3,185363,75-10-15,92713
HashMap,1.8.0_312,3,185363,75-10-15,93504
HashMap,1.8.0_312,3,185363,75-10-15,93335
HashMap,1.8.0_312,3,185363,75-10-15,93204
HashMap,1.8.0_312,3,185363,75-10-15,93068
HashMap,1.8.0_312,6,185363,75-10-15,207932
HashMap,1.8.0_312,6,185363,75-10-15,172580
HashMap,1.8.0_312,6,185363,75-10-15,172597
HashMap,1.8.0_312,6,185363,75-10-15,172296
HashMap,1.8.0_312,6,185363,75-10-15,172456
HashMap,1.8.0_312,6,185363,75-10-15,171896
HashMap,1.8.0_312,6,185363,75-10-15,172230
HashMap,1.8.0_312,6,185363,75-10-15,171961
HashMap,1.8.0_312,6,185363,75-10-15,172553
HashMap,1.8.0_312,6,185363,75-10-15,172299
HashMap,1.8.0_312,12,185363,75-10-15,339044
HashMap,1.8.0_312,12,185363,75-10-15,297690
HashMap,1.8.0_312,12,185363,75-10-15,297401
HashMap,1.8.0_312,12,185363,75-10-15,297636
HashMap,1.8.0_312,12,185363,75-10-15,296693
HashMap,1.8.0_312,12,185363,75-10-15,299132
HashMap,1.8.0_312,12,185363,75-10-15,299797
HashMap,1.8.0_312,12,185363,75-10-15,300359
HashMap,1.8.0_312,12,185363,75-10-15,297868
HashMap,1.8.0_312,12,185363,75-10-15,298216
HashMap,1.8.0_312,24,185363,75-10-15,496229
HashMap,1.8.0_312,24,185363,75-10-15,449211
HashMap,1.8.0_312,24,185363,75-10-15,450415
HashMap,1.8.0_312,24,185363,75-10-15,457546
HashMap,1.8.0_312,24,185363,75-10-15,450646
HashMap,1.8.0_312,24,185363,75-10-15,449569
HashMap,1.8.0_312,24,185363,75-10-15,443010
HashMap,1.8.0_312,24,185363,75-10-15,447613
HashMap,1.8.0_312,24,185363,75-10-15,448923
HashMap,1.8.0_312,24,185363,75-10-15,456450
HashMap,1.8.0_312,48,185363,75-10-15,550368
HashMap,1.8.0_312,48,185363,75-10-15,479452
HashMap,1.8.0_312,48,185363,75-10-15,478507
HashMap,1.8.0_312,48,185363,75-10-15,486050
HashMap,1.8.0_312,48,185363,75-10-15,480936
HashMap,1.8.0_312,48,185363,75-10-15,471871
HashMap,1.8.0_312,48,185363,75-10-15,486651
HashMap,1.8.0_312,48,185363,75-10-15,485722
HashMap,1.8.0_312,48,185363,75-10-15,484030
HashMap,1.8.0_312,48,185363,75-10-15,485941
HashMap,1.8.0_312,1,185363,18-65-17,30234
HashMap,1.8.0_312,1,185363,18-65-17,27514
HashMap,1.8.0_312,1,185363,18-65-17,27249
HashMap,1.8.0_312,1,185363,18-65-17,27236
HashMap,1.8.0_312,1,185363,18-65-17,27181
HashMap,1.8.0_312,1,185363,18-65-17,27583
HashMap,1.8.0_312,1,185363,18-65-17,27216
HashMap,1.8.0_312,1,185363,18-65-17,27367
HashMap,1.8.0_312,1,185363,18-65-17,27268
HashMap,1.8.0_312,1,185363,18-65-17,27182
HashMap,1.8.0_312,3,185363,18-65-17,72808
HashMap,1.8.0_312,3,185363,18-65-17,65279
HashMap,1.8.0_312,3,185363,18-65-17,65359
HashMap,1.8.0_312,3,185363,18-65-17,65728
HashMap,1.8.0_312,3,185363,18-65-17,65886
HashMap,1.8.0_312,3,185363,18-65-17,66033
HashMap,1.8.0_312,3,185363,18-65-17,65667
HashMap,1.8.0_312,3,185363,18-65-17,65728
HashMap,1.8.0_312,3,185363,18-65-17,65869
HashMap,1.8.0_312,3,185363,18-65-17,65758
HashMap,1.8.0_312,6,185363,18-65-17,110579
HashMap,1.8.0_312,6,185363,18-65-17,100524
HashMap,1.8.0_312,6,185363,18-65-17,101508
HashMap,1.8.0_312,6,185363,18-65-17,101060
HashMap,1.8.0_312,6,185363,18-65-17,101373
HashMap,1.8.0_312,6,185363,18-65-17,97469
HashMap,1.8.0_312,6,185363,18-65-17,96375
HashMap,1.8.0_312,6,185363,18-65-17,96431
HashMap,1.8.0_312,6,185363,18-65-17,101167
HashMap,1.8.0_312,6,185363,18-65-17,101600
HashMap,1.8.0_312,12,185363,18-65-17,171077
HashMap,1.8.0_312,12,185363,18-65-17,154500
HashMap,1.8.0_312,12,185363,18-65-17,155452
HashMap,1.8.0_312,12,185363,18-65-17,152353
HashMap,1.8.0_312,12,185363,18-65-17,150974
HashMap,1.8.0_312,12,185363,18-65-17,151349
HashMap,1.8.0_312,12,185363,18-65-17,150282
HashMap,1.8.0_312,12,185363,18-65-17,150802
HashMap,1.8.0_312,12,185363,18-65-17,152432
HashMap,1.8.0_312,12,185363,18-65-17,152347
HashMap,1.8.0_312,24,185363,18-65-17,249314
HashMap,1.8.0_312,24,185363,18-65-17,234814
HashMap,1.8.0_312,24,185363,18-65-17,235245
HashMap,1.8.0_312,24,185363,18-65-17,235099
HashMap,1.8.0_312,24,185363,18-65-17,232105
HashMap,1.8.0_312,24,185363,18-65-17,231463
HashMap,1.8.0_312,24,185363,18-65-17,231864
HashMap,1.8.0_312,24,185363,18-65-17,231742
HashMap,1.8.0_312,24,185363,18-65-17,231889
HashMap,1.8.0_312,24,185363,18-65-17,232204
HashMap,1.8.0_312,48,185363,18-65-17,309140
HashMap,1.8.0_312,48,185363,18-65-17,267645
HashMap,1.8.0_312,48,185363,18-65-17,268934
HashMap,1.8.0_312,48,185363,18-65-17,267661
HashMap,1.8.0_312,48,185363,18-65-17,268387
HashMap,1.8.0_312,48,185363,18-65-17,268499
HashMap,1.8.0_312,48,185363,18-65-17,267870
HashMap,1.8.0_312,48,185363,18-65-17,267339
HashMap,1.8.0_312,48,185363,18-65-17,266915
HashMap,1.8.0_312,48,185363,18-65-17,265799
HashMap,1.8.0_312,1,185363,15-10-75,8341
HashMap,1.8.0_312,1,185363,15-10-75,6539
HashMap,1.8.0_312,1,185363,15-10-75,6470
HashMap,1.8.0_312,1,185363,15-10-75,6554
HashMap,1.8.0_312,1,185363,15-10-75,6548
HashMap,1.8.0_312,1,185363,15-10-75,6602
HashMap,1.8.0_312,1,185363,15-10-75,6579
HashMap,1.8.0_312,1,185363,15-10-75,6559
HashMap,1.8.0_312,1,185363,15-10-75,6545
HashMap,1.8.0_312,1,185363,15-10-75,6627
HashMap,1.8.0_312,3,185363,15-10-75,25652
HashMap,1.8.0_312,3,185363,15-10-75,19777
HashMap,1.8.0_312,3,185363,15-10-75,19655
HashMap,1.8.0_312,3,185363,15-10-75,19604
HashMap,1.8.0_312,3,185363,15-10-75,19633
HashMap,1.8.0_312,3,185363,15-10-75,19678
HashMap,1.8.0_312,3,185363,15-10-75,19709
HashMap,1.8.0_312,3,185363,15-10-75,19696
HashMap,1.8.0_312,3,185363,15-10-75,19694
HashMap,1.8.0_312,3,185363,15-10-75,19683
HashMap,1.8.0_312,6,185363,15-10-75,50153
HashMap,1.8.0_312,6,185363,15-10-75,37975
HashMap,1.8.0_312,6,185363,15-10-75,37659
HashMap,1.8.0_312,6,185363,15-10-75,38015
HashMap,1.8.0_312,6,185363,15-10-75,37962
HashMap,1.8.0_312,6,185363,15-10-75,37979
HashMap,1.8.0_312,6,185363,15-10-75,37849
HashMap,1.8.0_312,6,185363,15-10-75,38014
HashMap,1.8.0_312,6,185363,15-10-75,38043
HashMap,1.8.0_312,6,185363,15-10-75,38096
HashMap,1.8.0_312,12,185363,15-10-75,94370
HashMap,1.8.0_312,12,185363,15-10-75,73813
HashMap,1.8.0_312,12,185363,15-10-75,73107
HashMap,1.8.0_312,12,185363,15-10-75,73376
HashMap,1.8.0_312,12,185363,15-10-75,73499
HashMap,1.8.0_312,12,185363,15-10-75,73680
HashMap,1.8.0_312,12,185363,15-10-75,73193
HashMap,1.8.0_312,12,185363,15-10-75,73773
HashMap,1.8.0_312,12,185363,15-10-75,73544
HashMap,1.8.0_312,12,185363,15-10-75,73538
HashMap,1.8.0_312,24,185363,15-10-75,166120
HashMap,1.8.0_312,24,185363,15-10-75,135623
HashMap,1.8.0_312,24,185363,15-10-75,137244
HashMap,1.8.0_312,24,185363,15-10-75,137125
HashMap,1.8.0_312,24,185363,15-10-75,137885
HashMap,1.8.0_312,24,185363,15-10-75,138165
HashMap,1.8.0_312,24,185363,15-10-75,138581
HashMap,1.8.0_312,24,185363,15-10-75,138205
HashMap,1.8.0_312,24,185363,15-10-75,136475
HashMap,1.8.0_312,24,185363,15-10-75,138458
HashMap,1.8.0_312,48,185363,15-10-75,167296
HashMap,1.8.0_312,48,185363,15-10-75,127371
HashMap,1.8.0_312,48,185363,15-10-75,129361
HashMap,1.8.0_312,48,185363,15-10-75,129215
HashMap,1.8.0_312,48,185363,15-10-75,129141
HashMap,1.8.0_312,48,185363,15-10-75,129732
HashMap,1.8.0_312,48,185363,15-10-75,129714
HashMap,1.8.0_312,48,185363,15-10-75,126356
HashMap,1.8.0_312,48,185363,15-10-75,126044
HashMap,1.8.0_312,48,185363,15-10-75,128917
HashMap,1.8.0_312,1,185363,38-25-37,16845
HashMap,1.8.0_312,1,185363,38-25-37,13473
HashMap,1.8.0_312,1,185363,38-25-37,13429
HashMap,1.8.0_312,1,185363,38-25-37,13421
HashMap,1.8.0_312,1,185363,38-25-37,13198
HashMap,1.8.0_312,1,185363,38-25-37,13494
HashMap,1.8.0_312,1,185363,38-25-37,13539
HashMap,1.8.0_312,1,185363,38-25-37,13383
HashMap,1.8.0_312,1,185363,38-25-37,13514
HashMap,1.8.0_312,1,185363,38-25-37,13486
HashMap,1.8.0_312,3,185363,38-25-37,48344
HashMap,1.8.0_312,3,185363,38-25-37,37953
HashMap,1.8.0_312,3,185363,38-25-37,38091
HashMap,1.8.0_312,3,185363,38-25-37,38104
HashMap,1.8.0_312,3,185363,38-25-37,37981
HashMap,1.8.0_312,3,185363,38-25-37,38015
HashMap,1.8.0_312,3,185363,38-25-37,38340
HashMap,1.8.0_312,3,185363,38-25-37,38044
HashMap,1.8.0_312,3,185363,38-25-37,38157
HashMap,1.8.0_312,3,185363,38-25-37,38216
HashMap,1.8.0_312,6,185363,38-25-37,85759
HashMap,1.8.0_312,6,185363,38-25-37,71652
HashMap,1.8.0_312,6,185363,38-25-37,71732
HashMap,1.8.0_312,6,185363,38-25-37,71313
HashMap,1.8.0_312,6,185363,38-25-37,71413
HashMap,1.8.0_312,6,185363,38-25-37,71219
HashMap,1.8.0_312,6,185363,38-25-37,71385
HashMap,1.8.0_312,6,185363,38-25-37,71240
HashMap,1.8.0_312,6,185363,38-25-37,71481
HashMap,1.8.0_312,6,185363,38-25-37,71193
HashMap,1.8.0_312,12,185363,38-25-37,140749
HashMap,1.8.0_312,12,185363,38-25-37,122946
HashMap,1.8.0_312,12,185363,38-25-37,123702
HashMap,1.8.0_312,12,185363,38-25-37,123501
HashMap,1.8.0_312,12,185363,38-25-37,123223
HashMap,1.8.0_312,12,185363,38-25-37,123795
HashMap,1.8.0_312,12,185363,38-25-37,123191
HashMap,1.8.0_312,12,185363,38-25-37,123405
HashMap,1.8.0_312,12,185363,38-25-37,123858
HashMap,1.8.0_312,12,185363,38-25-37,123538
HashMap,1.8.0_312,24,185363,38-25-37,212855
HashMap,1.8.0_312,24,185363,38-25-37,188810
HashMap,1.8.0_312,24,185363,38-25-37,191643
HashMap,1.8.0_312,24,185363,38-25-37,191934
HashMap,1.8.0_312,24,185363,38-25-37,187668
HashMap,1.8.0_312,24,185363,38-25-37,185878
HashMap,1.8.0_312,24,185363,38-25-37,185161
HashMap,1.8.0_312,24,185363,38-25-37,188422
HashMap,1.8.0_312,24,185363,38-25-37,186042
HashMap,1.8.0_312,24,185363,38-25-37,186279
HashMap,1.8.0_312,48,185363,38-25-37,232164
HashMap,1.8.0_312,48,185363,38-25-37,197953
HashMap,1.8.0_312,48,185363,38-25-37,196727
HashMap,1.8.0_312,48,185363,38-25-37,196927
HashMap,1.8.0_312,48,185363,38-25-37,195846
HashMap,1.8.0_312,48,185363,38-25-37,200494
HashMap,1.8.0_312,48,185363,38-25-37,194441
HashMap,1.8.0_312,48,185363,38-25-37,194075
HashMap,1.8.0_312,48,185363,38-25-37,194804
HashMap,1.8.0_312,48,185363,38-25-37,192633
HashMap,1.8.0_312,1,1048576,75-10-15,1329
HashMap,1.8.0_312,1,1048576,75-10-15,876
HashMap,1.8.0_312,1,1048576,75-10-15,897
HashMap,1.8.0_312,1,1048576,75-10-15,868
HashMap,1.8.0_312,1,1048576,75-10-15,897
HashMap,1.8.0_312,1,1048576,75-10-15,873
HashMap,1.8.0_312,1,1048576,75-10-15,877
HashMap,1.8.0_312,1,1048576,75-10-15,882
HashMap,1.8.0_312,1,1048576,75-10-15,879
HashMap,1.8.0_312,1,1048576,75-10-15,869
HashMap,1.8.0_312,3,1048576,75-10-15,3931
HashMap,1.8.0_312,3,1048576,75-10-15,2686
HashMap,1.8.0_312,3,1048576,75-10-15,2678
HashMap,1.8.0_312,3,1048576,75-10-15,2614
HashMap,1.8.0_312,3,1048576,75-10-15,2634
HashMap,1.8.0_312,3,1048576,75-10-15,2591
HashMap,1.8.0_312,3,1048576,75-10-15,2648
HashMap,1.8.0_312,3,1048576,75-10-15,2633
HashMap,1.8.0_312,3,1048576,75-10-15,2612
HashMap,1.8.0_312,3,1048576,75-10-15,2631
HashMap,1.8.0_312,6,1048576,75-10-15,7718
HashMap,1.8.0_312,6,1048576,75-10-15,5288
HashMap,1.8.0_312,6,1048576,75-10-15,5235
HashMap,1.8.0_312,6,1048576,75-10-15,5306
HashMap,1.8.0_312,6,1048576,75-10-15,5298
HashMap,1.8.0_312,6,1048576,75-10-15,5421
HashMap,1.8.0_312,6,1048576,75-10-15,5433
HashMap,1.8.0_312,6,1048576,75-10-15,5422
HashMap,1.8.0_312,6,1048576,75-10-15,5371
HashMap,1.8.0_312,6,1048576,75-10-15,5477
HashMap,1.8.0_312,12,1048576,75-10-15,16262
HashMap,1.8.0_312,12,1048576,75-10-15,11187
HashMap,1.8.0_312,12,1048576,75-10-15,11179
HashMap,1.8.0_312,12,1048576,75-10-15,11340
HashMap,1.8.0_312,12,1048576,75-10-15,11093
HashMap,1.8.0_312,12,1048576,75-10-15,11487
HashMap,1.8.0_312,12,1048576,75-10-15,11228
HashMap,1.8.0_312,12,1048576,75-10-15,11186
HashMap,1.8.0_312,12,1048576,75-10-15,11132
HashMap,1.8.0_312,12,1048576,75-10-15,11056
HashMap,1.8.0_312,24,1048576,75-10-15,32065
HashMap,1.8.0_312,24,1048576,75-10-15,22764
HashMap,1.8.0_312,24,1048576,75-10-15,22995
HashMap,1.8.0_312,24,1048576,75-10-15,22814
HashMap,1.8.0_312,24,1048576,75-10-15,23754
HashMap,1.8.0_312,24,1048576,75-10-15,22051
HashMap,1.8.0_312,24,1048576,75-10-15,22121
HashMap,1.8.0_312,24,1048576,75-10-15,22203
HashMap,1.8.0_312,24,1048576,75-10-15,22886
HashMap,1.8.0_312,24,1048576,75-10-15,22751
HashMap,1.8.0_312,48,1048576,75-10-15,42083
HashMap,1.8.0_312,48,1048576,75-10-15,30737
HashMap,1.8.0_312,48,1048576,75-10-15,29064
HashMap,1.8.0_312,48,1048576,75-10-15,30892
HashMap,1.8.0_312,48,1048576,75-10-15,30815
HashMap,1.8.0_312,48,1048576,75-10-15,28961
HashMap,1.8.0_312,48,1048576,75-10-15,29853
HashMap,1.8.0_312,48,1048576,75-10-15,29297
HashMap,1.8.0_312,48,1048576,75-10-15,29516
HashMap,1.8.0_312,48,1048576,75-10-15,28546
HashMap,1.8.0_312,1,1048576,18-65-17,1146
HashMap,1.8.0_312,1,1048576,18-65-17,851
HashMap,1.8.0_312,1,1048576,18-65-17,785
HashMap,1.8.0_312,1,1048576,18-65-17,773
HashMap,1.8.0_312,1,1048576,18-65-17,763
HashMap,1.8.0_312,1,1048576,18-65-17,771
HashMap,1.8.0_312,1,1048576,18-65-17,766
HashMap,1.8.0_312,1,1048576,18-65-17,778
HashMap,1.8.0_312,1,1048576,18-65-17,778
HashMap,1.8.0_312,1,1048576,18-65-17,768
HashMap,1.8.0_312,3,1048576,18-65-17,3393
HashMap,1.8.0_312,3,1048576,18-65-17,2324
HashMap,1.8.0_312,3,1048576,18-65-17,2346
HashMap,1.8.0_312,3,1048576,18-65-17,2333
HashMap,1.8.0_312,3,1048576,18-65-17,2315
HashMap,1.8.0_312,3,1048576,18-65-17,2352
HashMap,1.8.0_312,3,1048576,18-65-17,2287
HashMap,1.8.0_312,3,1048576,18-65-17,2340
HashMap,1.8.0_312,3,1048576,18-65-17,2354
HashMap,1.8.0_312,3,1048576,18-65-17,2273
HashMap,1.8.0_312,6,1048576,18-65-17,6953
HashMap,1.8.0_312,6,1048576,18-65-17,4775
HashMap,1.8.0_312,6,1048576,18-65-17,4977
HashMap,1.8.0_312,6,1048576,18-65-17,4843
HashMap,1.8.0_312,6,1048576,18-65-17,4886
HashMap,1.8.0_312,6,1048576,18-65-17,4861
HashMap,1.8.0_312,6,1048576,18-65-17,4914
HashMap,1.8.0_312,6,1048576,18-65-17,4907
HashMap,1.8.0_312,6,1048576,18-65-17,4863
HashMap,1.8.0_312,6,1048576,18-65-17,4926
HashMap,1.8.0_312,12,1048576,18-65-17,14150
HashMap,1.8.0_312,12,1048576,18-65-17,9688
HashMap,1.8.0_312,12,1048576,18-65-17,9868
HashMap,1.8.0_312,12,1048576,18-65-17,9948
HashMap,1.8.0_312,12,1048576,18-65-17,9847
HashMap,1.8.0_312,12,1048576,18-65-17,9754
HashMap,1.8.0_312,12,1048576,18-65-17,9786
HashMap,1.8.0_312,12,1048576,18-65-17,9884
HashMap,1.8.0_312,12,1048576,18-65-17,9787
HashMap,1.8.0_312,12,1048576,18-65-17,9823
HashMap,1.8.0_312,24,1048576,18-65-17,28398
HashMap,1.8.0_312,24,1048576,18-65-17,20591
HashMap,1.8.0_312,24,1048576,18-65-17,19934
HashMap,1.8.0_312,24,1048576,18-65-17,19742
HashMap,1.8.0_312,24,1048576,18-65-17,20250
HashMap,1.8.0_312,24,1048576,18-65-17,20533
HashMap,1.8.0_312,24,1048576,18-65-17,19958
HashMap,1.8.0_312,24,1048576,18-65-17,19674
HashMap,1.8.0_312,24,1048576,18-65-17,19562
HashMap,1.8.0_312,24,1048576,18-65-17,19846
HashMap,1.8.0_312,48,1048576,18-65-17,36563
HashMap,1.8.0_312,48,1048576,18-65-17,25782
HashMap,1.8.0_312,48,1048576,18-65-17,25944
HashMap,1.8.0_312,48,1048576,18-65-17,26188
HashMap,1.8.0_312,48,1048576,18-65-17,26123
HashMap,1.8.0_312,48,1048576,18-65-17,25560
HashMap,1.8.0_312,48,1048576,18-65-17,26124
HashMap,1.8.0_312,48,1048576,18-65-17,24996
HashMap,1.8.0_312,48,1048576,18-65-17,26434
HashMap,1.8.0_312,48,1048576,18-65-17,25702
HashMap,1.8.0_312,1,1048576,15-10-75,260
HashMap,1.8.0_312,1,1048576,15-10-75,179
HashMap,1.8.0_312,1,1048576,15-10-75,181
HashMap,1.8.0_312,1,1048576,15-10-75,180
HashMap,1.8.0_312,1,1048576,15-10-75,175
HashMap,1.8.0_312,1,1048576,15-10-75,179
HashMap,1.8.0_312,1,1048576,15-10-75,175
HashMap,1.8.0_312,1,1048576,15-10-75,177
HashMap,1.8.0_312,1,1048576,15-10-75,180
HashMap,1.8.0_312,1,1048576,15-10-75,175
HashMap,1.8.0_312,3,1048576,15-10-75,781
HashMap,1.8.0_312,3,1048576,15-10-75,548
HashMap,1.8.0_312,3,1048576,15-10-75,547
HashMap,1.8.0_312,3,1048576,15-10-75,532
HashMap,1.8.0_312,3,1048576,15-10-75,527
HashMap,1.8.0_312,3,1048576,15-10-75,517
HashMap,1.8.0_312,3,1048576,15-10-75,528
HashMap,1.8.0_312,3,1048576,15-10-75,526
HashMap,1.8.0_312,3,1048576,15-10-75,536
HashMap,1.8.0_312,3,1048576,15-10-75,538
HashMap,1.8.0_312,6,1048576,15-10-75,1589
HashMap,1.8.0_312,6,1048576,15-10-75,1071
HashMap,1.8.0_312,6,1048576,15-10-75,1105
HashMap,1.8.0_312,6,1048576,15-10-75,1093
HashMap,1.8.0_312,6,1048576,15-10-75,1073
HashMap,1.8.0_312,6,1048576,15-10-75,1061
HashMap,1.8.0_312,6,1048576,15-10-75,1050
HashMap,1.8.0_312,6,1048576,15-10-75,1042
HashMap,1.8.0_312,6,1048576,15-10-75,1069
HashMap,1.8.0_312,6,1048576,15-10-75,1093
HashMap,1.8.0_312,12,1048576,15-10-75,3245
HashMap,1.8.0_312,12,1048576,15-10-75,2241
HashMap,1.8.0_312,12,1048576,15-10-75,2302
HashMap,1.8.0_312,12,1048576,15-10-75,2213
HashMap,1.8.0_312,12,1048576,15-10-75,2214
HashMap,1.8.0_312,12,1048576,15-10-75,2217
HashMap,1.8.0_312,12,1048576,15-10-75,2221
HashMap,1.8.0_312,12,1048576,15-10-75,2212
HashMap,1.8.0_312,12,1048576,15-10-75,2250
HashMap,1.8.0_312,12,1048576,15-10-75,2220
HashMap,1.8.0_312,24,1048576,15-10-75,6585
HashMap,1.8.0_312,24,1048576,15-10-75,4655
HashMap,1.8.0_312,24,1048576,15-10-75,4413
HashMap,1.8.0_312,24,1048576,15-10-75,4540
HashMap,1.8.0_312,24,1048576,15-10-75,4405
HashMap,1.8.0_312,24,1048576,15-10-75,4428
HashMap,1.8.0_312,24,1048576,15-10-75,4694
HashMap,1.8.0_312,24,1048576,15-10-75,4413
HashMap,1.8.0_312,24,1048576,15-10-75,4393
HashMap,1.8.0_312,24,1048576,15-10-75,4443
HashMap,1.8.0_312,48,1048576,15-10-75,8455
HashMap,1.8.0_312,48,1048576,15-10-75,5859
HashMap,1.8.0_312,48,1048576,15-10-75,5698
HashMap,1.8.0_312,48,1048576,15-10-75,5779
HashMap,1.8.0_312,48,1048576,15-10-75,5763
HashMap,1.8.0_312,48,1048576,15-10-75,5749
HashMap,1.8.0_312,48,1048576,15-10-75,5712
HashMap,1.8.0_312,48,1048576,15-10-75,5904
HashMap,1.8.0_312,48,1048576,15-10-75,5976
HashMap,1.8.0_312,48,1048576,15-10-75,5684
HashMap,1.8.0_312,1,1048576,38-25-37,535
HashMap,1.8.0_312,1,1048576,38-25-37,349
HashMap,1.8.0_312,1,1048576,38-25-37,363
HashMap,1.8.0_312,1,1048576,38-25-37,365
HashMap,1.8.0_312,1,1048576,38-25-37,359
HashMap,1.8.0_312,1,1048576,38-25-37,358
HashMap,1.8.0_312,1,1048576,38-25-37,359
HashMap,1.8.0_312,1,1048576,38-25-37,354
HashMap,1.8.0_312,1,1048576,38-25-37,371
HashMap,1.8.0_312,1,1048576,38-25-37,366
HashMap,1.8.0_312,3,1048576,38-25-37,1569
HashMap,1.8.0_312,3,1048576,38-25-37,1067
HashMap,1.8.0_312,3,1048576,38-25-37,1082
HashMap,1.8.0_312,3,1048576,38-25-37,1068
HashMap,1.8.0_312,3,1048576,38-25-37,1072
HashMap,1.8.0_312,3,1048576,38-25-37,1100
HashMap,1.8.0_312,3,1048576,38-25-37,1057
HashMap,1.8.0_312,3,1048576,38-25-37,1090
HashMap,1.8.0_312,3,1048576,38-25-37,1072
HashMap,1.8.0_312,3,1048576,38-25-37,1095
HashMap,1.8.0_312,6,1048576,38-25-37,3218
HashMap,1.8.0_312,6,1048576,38-25-37,2232
HashMap,1.8.0_312,6,1048576,38-25-37,2197
HashMap,1.8.0_312,6,1048576,38-25-37,2221
HashMap,1.8.0_312,6,1048576,38-25-37,2170
HashMap,1.8.0_312,6,1048576,38-25-37,2145
HashMap,1.8.0_312,6,1048576,38-25-37,2142
HashMap,1.8.0_312,6,1048576,38-25-37,2150
HashMap,1.8.0_312,6,1048576,38-25-37,2174
HashMap,1.8.0_312,6,1048576,38-25-37,2209
HashMap,1.8.0_312,12,1048576,38-25-37,6562
HashMap,1.8.0_312,12,1048576,38-25-37,4548
HashMap,1.8.0_312,12,1048576,38-25-37,4501
HashMap,1.8.0_312,12,1048576,38-25-37,4441
HashMap,1.8.0_312,12,1048576,38-25-37,4500
HashMap,1.8.0_312,12,1048576,38-25-37,4512
HashMap,1.8.0_312,12,1048576,38-25-37,4533
HashMap,1.8.0_312,12,1048576,38-25-37,4617
HashMap,1.8.0_312,12,1048576,38-25-37,4579
HashMap,1.8.0_312,12,1048576,38-25-37,4485
HashMap,1.8.0_312,24,1048576,38-25-37,13233
HashMap,1.8.0_312,24,1048576,38-25-37,9658
HashMap,1.8.0_312,24,1048576,38-25-37,9175
HashMap,1.8.0_312,24,1048576,38-25-37,9362
HashMap,1.8.0_312,24,1048576,38-25-37,9017
HashMap,1.8.0_312,24,1048576,38-25-37,9049
HashMap,1.8.0_312,24,1048576,38-25-37,9254
HashMap,1.8.0_312,24,1048576,38-25-37,9008
HashMap,1.8.0_312,24,1048576,38-25-37,9195
HashMap,1.8.0_312,24,1048576,38-25-37,9261
HashMap,1.8.0_312,48,1048576,38-25-37,17234
HashMap,1.8.0_312,48,1048576,38-25-37,11610
HashMap,1.8.0_312,48,1048576,38-25-37,11944
HashMap,1.8.0_312,48,1048576,38-25-37,11945
HashMap,1.8.0_312,48,1048576,38-25-37,11869
HashMap,1.8.0_312,48,1048576,38-25-37,12134
HashMap,1.8.0_312,48,1048576,38-25-37,12362
HashMap,1.8.0_312,48,1048576,38-25-37,12274
HashMap,1.8.0_312,48,1048576,38-25-37,11776
HashMap,1.8.0_312,48,1048576,38-25-37,11665
