Queue,17.0.2,1,32768,75-10-15,530626
Queue,17.0.2,1,32768,75-10-15,659692
Queue,17.0.2,1,32768,75-10-15,887810
Queue,17.0.2,1,32768,75-10-15,890840
Queue,17.0.2,1,32768,75-10-15,886709
Queue,17.0.2,1,32768,75-10-15,888846
Queue,17.0.2,1,32768,75-10-15,881040
Queue,17.0.2,1,32768,75-10-15,890362
Queue,17.0.2,1,32768,75-10-15,894749
Queue,17.0.2,1,32768,75-10-15,889274
Queue,17.0.2,3,32768,75-10-15,1863106
Queue,17.0.2,3,32768,75-10-15,1589872
Queue,17.0.2,3,32768,75-10-15,1125443
Queue,17.0.2,3,32768,75-10-15,1131388
Queue,17.0.2,3,32768,75-10-15,1280905
Queue,17.0.2,3,32768,75-10-15,1290914
Queue,17.0.2,3,32768,75-10-15,1196995
Queue,17.0.2,3,32768,75-10-15,1221106
Queue,17.0.2,3,32768,75-10-15,1207740
Queue,17.0.2,3,32768,75-10-15,1248733
Queue,17.0.2,6,32768,75-10-15,2537115
Queue,17.0.2,6,32768,75-10-15,2549149
Queue,17.0.2,6,32768,75-10-15,2526505
Queue,17.0.2,6,32768,75-10-15,2526570
Queue,17.0.2,6,32768,75-10-15,2591856
Queue,17.0.2,6,32768,75-10-15,2452121
Queue,17.0.2,6,32768,75-10-15,2489368
Queue,17.0.2,6,32768,75-10-15,2497033
Queue,17.0.2,6,32768,75-10-15,2546583
Queue,17.0.2,6,32768,75-10-15,2411796
Queue,17.0.2,12,32768,75-10-15,3543659
Queue,17.0.2,12,32768,75-10-15,3658513
Queue,17.0.2,12,32768,75-10-15,3495139
Queue,17.0.2,12,32768,75-10-15,3514321
Queue,17.0.2,12,32768,75-10-15,3469996
Queue,17.0.2,12,32768,75-10-15,3640965
Queue,17.0.2,12,32768,75-10-15,3485764
Queue,17.0.2,12,32768,75-10-15,3473245
Queue,17.0.2,12,32768,75-10-15,3513420
Queue,17.0.2,12,32768,75-10-15,3704056
Queue,17.0.2,24,32768,75-10-15,5168155
Queue,17.0.2,24,32768,75-10-15,6254730
Queue,17.0.2,24,32768,75-10-15,5998301
Queue,17.0.2,24,32768,75-10-15,6317241
Queue,17.0.2,24,32768,75-10-15,6378122
Queue,17.0.2,24,32768,75-10-15,6299294
Queue,17.0.2,24,32768,75-10-15,6366092
Queue,17.0.2,24,32768,75-10-15,6188098
Queue,17.0.2,24,32768,75-10-15,6333467
Queue,17.0.2,24,32768,75-10-15,6355119
Queue,17.0.2,48,32768,75-10-15,8940180
Queue,17.0.2,48,32768,75-10-15,9244751
Queue,17.0.2,48,32768,75-10-15,9036070
Queue,17.0.2,48,32768,75-10-15,9217742
Queue,17.0.2,48,32768,75-10-15,9034183
Queue,17.0.2,48,32768,75-10-15,9356865
Queue,17.0.2,48,32768,75-10-15,9075418
Queue,17.0.2,48,32768,75-10-15,9124025
Queue,17.0.2,48,32768,75-10-15,9181120
Queue,17.0.2,48,32768,75-10-15,8908162
Queue,17.0.2,1,32768,18-65-17,398431
Queue,17.0.2,1,32768,18-65-17,400663
Queue,17.0.2,1,32768,18-65-17,402631
Queue,17.0.2,1,32768,18-65-17,403207
Queue,17.0.2,1,32768,18-65-17,399392
Queue,17.0.2,1,32768,18-65-17,404133
Queue,17.0.2,1,32768,18-65-17,403499
Queue,17.0.2,1,32768,18-65-17,403921
Queue,17.0.2,1,32768,18-65-17,403217
Queue,17.0.2,1,32768,18-65-17,403776
Queue,17.0.2,3,32768,18-65-17,1169483
Queue,17.0.2,3,32768,18-65-17,1161997
Queue,17.0.2,3,32768,18-65-17,1166019
Queue,17.0.2,3,32768,18-65-17,1161632
Queue,17.0.2,3,32768,18-65-17,1157221
Queue,17.0.2,3,32768,18-65-17,1164906
Queue,17.0.2,3,32768,18-65-17,1167038
Queue,17.0.2,3,32768,18-65-17,1162269
Queue,17.0.2,3,32768,18-65-17,1165453
Queue,17.0.2,3,32768,18-65-17,1161104
Queue,17.0.2,6,32768,18-65-17,2139515
Queue,17.0.2,6,32768,18-65-17,2149193
Queue,17.0.2,6,32768,18-65-17,2152283
Queue,17.0.2,6,32768,18-65-17,2156839
Queue,17.0.2,6,32768,18-65-17,2136319
Queue,17.0.2,6,32768,18-65-17,2169285
Queue,17.0.2,6,32768,18-65-17,2170023
Queue,17.0.2,6,32768,18-65-17,2147733
Queue,17.0.2,6,32768,18-65-17,2165352
Queue,17.0.2,6,32768,18-65-17,2163383
Queue,17.0.2,12,32768,18-65-17,3897741
Queue,17.0.2,12,32768,18-65-17,4140595
Queue,17.0.2,12,32768,18-65-17,4208811
Queue,17.0.2,12,32768,18-65-17,4247763
Queue,17.0.2,12,32768,18-65-17,4092766
Queue,17.0.2,12,32768,18-65-17,4193359
Queue,17.0.2,12,32768,18-65-17,4218877
Queue,17.0.2,12,32768,18-65-17,4216504
Queue,17.0.2,12,32768,18-65-17,4227610
Queue,17.0.2,12,32768,18-65-17,4108463
Queue,17.0.2,24,32768,18-65-17,7233969
Queue,17.0.2,24,32768,18-65-17,7414930
Queue,17.0.2,24,32768,18-65-17,7440890
Queue,17.0.2,24,32768,18-65-17,7452472
Queue,17.0.2,24,32768,18-65-17,7490678
Queue,17.0.2,24,32768,18-65-17,7479712
Queue,17.0.2,24,32768,18-65-17,7470306
Queue,17.0.2,24,32768,18-65-17,7536836
Queue,17.0.2,24,32768,18-65-17,7488538
Queue,17.0.2,24,32768,18-65-17,7489746
Queue,17.0.2,48,32768,18-65-17,10657024
Queue,17.0.2,48,32768,18-65-17,10732176
Queue,17.0.2,48,32768,18-65-17,10598055
Queue,17.0.2,48,32768,18-65-17,10620479
Queue,17.0.2,48,32768,18-65-17,10648015
Queue,17.0.2,48,32768,18-65-17,10621403
Queue,17.0.2,48,32768,18-65-17,10625139
Queue,17.0.2,48,32768,18-65-17,10612753
Queue,17.0.2,48,32768,18-65-17,10628878
Queue,17.0.2,48,32768,18-65-17,10639735
Queue,17.0.2,1,32768,15-10-75,73556
Queue,17.0.2,1,32768,15-10-75,73228
Queue,17.0.2,1,32768,15-10-75,72075
Queue,17.0.2,1,32768,15-10-75,72735
Queue,17.0.2,1,32768,15-10-75,73137
Queue,17.0.2,1,32768,15-10-75,73126
Queue,17.0.2,1,32768,15-10-75,73848
Queue,17.0.2,1,32768,15-10-75,75140
Queue,17.0.2,1,32768,15-10-75,71670
Queue,17.0.2,1,32768,15-10-75,75317
Queue,17.0.2,3,32768,15-10-75,189403
Queue,17.0.2,3,32768,15-10-75,187994
Queue,17.0.2,3,32768,15-10-75,182670
Queue,17.0.2,3,32768,15-10-75,187878
Queue,17.0.2,3,32768,15-10-75,191727
Queue,17.0.2,3,32768,15-10-75,194685
Queue,17.0.2,3,32768,15-10-75,186253
Queue,17.0.2,3,32768,15-10-75,190534
Queue,17.0.2,3,32768,15-10-75,184915
Queue,17.0.2,3,32768,15-10-75,191179
Queue,17.0.2,6,32768,15-10-75,323047
Queue,17.0.2,6,32768,15-10-75,309897
Queue,17.0.2,6,32768,15-10-75,301953
Queue,17.0.2,6,32768,15-10-75,315207
Queue,17.0.2,6,32768,15-10-75,304170
Queue,17.0.2,6,32768,15-10-75,307540
Queue,17.0.2,6,32768,15-10-75,303325
Queue,17.0.2,6,32768,15-10-75,315299
Queue,17.0.2,6,32768,15-10-75,308226
Queue,17.0.2,6,32768,15-10-75,312148
Queue,17.0.2,12,32768,15-10-75,484412
Queue,17.0.2,12,32768,15-10-75,480892
Queue,17.0.2,12,32768,15-10-75,485329
Queue,17.0.2,12,32768,15-10-75,479318
Queue,17.0.2,12,32768,15-10-75,478814
Queue,17.0.2,12,32768,15-10-75,489075
Queue,17.0.2,12,32768,15-10-75,480342
Queue,17.0.2,12,32768,15-10-75,497484
Queue,17.0.2,12,32768,15-10-75,494686
Queue,17.0.2,12,32768,15-10-75,490182
Queue,17.0.2,24,32768,15-10-75,818968
Queue,17.0.2,24,32768,15-10-75,873392
Queue,17.0.2,24,32768,15-10-75,868909
Queue,17.0.2,24,32768,15-10-75,859833
Queue,17.0.2,24,32768,15-10-75,868411
Queue,17.0.2,24,32768,15-10-75,857791
Queue,17.0.2,24,32768,15-10-75,868890
Queue,17.0.2,24,32768,15-10-75,866174
Queue,17.0.2,24,32768,15-10-75,864555
Queue,17.0.2,24,32768,15-10-75,860430
Queue,17.0.2,48,32768,15-10-75,1325622
Queue,17.0.2,48,32768,15-10-75,1339983
Queue,17.0.2,48,32768,15-10-75,1360015
Queue,17.0.2,48,32768,15-10-75,1351269
Queue,17.0.2,48,32768,15-10-75,1337624
Queue,17.0.2,48,32768,15-10-75,1317573
Queue,17.0.2,48,32768,15-10-75,1333178
Queue,17.0.2,48,32768,15-10-75,1350051
Queue,17.0.2,48,32768,15-10-75,1362925
Queue,17.0.2,48,32768,15-10-75,1354944
Queue,17.0.2,1,32768,38-25-37,138678
Queue,17.0.2,1,32768,38-25-37,153582
Queue,17.0.2,1,32768,38-25-37,154836
Queue,17.0.2,1,32768,38-25-37,151979
Queue,17.0.2,1,32768,38-25-37,152192
Queue,17.0.2,1,32768,38-25-37,151794
Queue,17.0.2,1,32768,38-25-37,161587
Queue,17.0.2,1,32768,38-25-37,153666
Queue,17.0.2,1,32768,38-25-37,158638
Queue,17.0.2,1,32768,38-25-37,156505
Queue,17.0.2,3,32768,38-25-37,536335
Queue,17.0.2,3,32768,38-25-37,504232
Queue,17.0.2,3,32768,38-25-37,484475
Queue,17.0.2,3,32768,38-25-37,502859
Queue,17.0.2,3,32768,38-25-37,502884
Queue,17.0.2,3,32768,38-25-37,503955
Queue,17.0.2,3,32768,38-25-37,503649
Queue,17.0.2,3,32768,38-25-37,496162
Queue,17.0.2,3,32768,38-25-37,468098
Queue,17.0.2,3,32768,38-25-37,523304
Queue,17.0.2,6,32768,38-25-37,826822
Queue,17.0.2,6,32768,38-25-37,826886
Queue,17.0.2,6,32768,38-25-37,832800
Queue,17.0.2,6,32768,38-25-37,794597
Queue,17.0.2,6,32768,38-25-37,814380
Queue,17.0.2,6,32768,38-25-37,845280
Queue,17.0.2,6,32768,38-25-37,810276
Queue,17.0.2,6,32768,38-25-37,851381
Queue,17.0.2,6,32768,38-25-37,839238
Queue,17.0.2,6,32768,38-25-37,795850
Queue,17.0.2,12,32768,38-25-37,1288396
Queue,17.0.2,12,32768,38-25-37,1315745
Queue,17.0.2,12,32768,38-25-37,1295374
Queue,17.0.2,12,32768,38-25-37,1476806
Queue,17.0.2,12,32768,38-25-37,1436145
Queue,17.0.2,12,32768,38-25-37,1434240
Queue,17.0.2,12,32768,38-25-37,1440220
Queue,17.0.2,12,32768,38-25-37,1431754
Queue,17.0.2,12,32768,38-25-37,1511533
Queue,17.0.2,12,32768,38-25-37,1457942
Queue,17.0.2,24,32768,38-25-37,2320119
Queue,17.0.2,24,32768,38-25-37,2651654
Queue,17.0.2,24,32768,38-25-37,2639874
Queue,17.0.2,24,32768,38-25-37,2562589
Queue,17.0.2,24,32768,38-25-37,2625513
Queue,17.0.2,24,32768,38-25-37,2611116
Queue,17.0.2,24,32768,38-25-37,2560325
Queue,17.0.2,24,32768,38-25-37,2676305
Queue,17.0.2,24,32768,38-25-37,2694826
Queue,17.0.2,24,32768,38-25-37,2760864
Queue,17.0.2,48,32768,38-25-37,3474161
Queue,17.0.2,48,32768,38-25-37,3722050
Queue,17.0.2,48,32768,38-25-37,3764245
Queue,17.0.2,48,32768,38-25-37,3873534
Queue,17.0.2,48,32768,38-25-37,3743729
Queue,17.0.2,48,32768,38-25-37,3790654
Queue,17.0.2,48,32768,38-25-37,3822629
Queue,17.0.2,48,32768,38-25-37,3806354
Queue,17.0.2,48,32768,38-25-37,3912093
Queue,17.0.2,48,32768,38-25-37,3630963
Queue,17.0.2,1,185363,75-10-15,73196
Queue,17.0.2,1,185363,75-10-15,68219
Queue,17.0.2,1,185363,75-10-15,69476
Queue,17.0.2,1,185363,75-10-15,68744
Queue,17.0.2,1,185363,75-10-15,69288
Queue,17.0.2,1,185363,75-10-15,67805
Queue,17.0.2,1,185363,75-10-15,69466
Queue,17.0.2,1,185363,75-10-15,69545
Queue,17.0.2,1,185363,75-10-15,68969
Queue,17.0.2,1,185363,75-10-15,68626
Queue,17.0.2,3,185363,75-10-15,217462
Queue,17.0.2,3,185363,75-10-15,207029
Queue,17.0.2,3,185363,75-10-15,205462
Queue,17.0.2,3,185363,75-10-15,207217
Queue,17.0.2,3,185363,75-10-15,207645
Queue,17.0.2,3,185363,75-10-15,205085
Queue,17.0.2,3,185363,75-10-15,204926
Queue,17.0.2,3,185363,75-10-15,201242
Queue,17.0.2,3,185363,75-10-15,203767
Queue,17.0.2,3,185363,75-10-15,207933
Queue,17.0.2,6,185363,75-10-15,392734
Queue,17.0.2,6,185363,75-10-15,399289
Queue,17.0.2,6,185363,75-10-15,397435
Queue,17.0.2,6,185363,75-10-15,400749
Queue,17.0.2,6,185363,75-10-15,400815
Queue,17.0.2,6,185363,75-10-15,401644
Queue,17.0.2,6,185363,75-10-15,402749
Queue,17.0.2,6,185363,75-10-15,397863
Queue,17.0.2,6,185363,75-10-15,400485
Queue,17.0.2,6,185363,75-10-15,404654
Queue,17.0.2,12,185363,75-10-15,669345
Queue,17.0.2,12,185363,75-10-15,674032
Queue,17.0.2,12,185363,75-10-15,676989
Queue,17.0.2,12,185363,75-10-15,674746
Queue,17.0.2,12,185363,75-10-15,672575
Queue,17.0.2,12,185363,75-10-15,675693
Queue,17.0.2,12,185363,75-10-15,675243
Queue,17.0.2,12,185363,75-10-15,672015
Queue,17.0.2,12,185363,75-10-15,674363
Queue,17.0.2,12,185363,75-10-15,673849
Queue,17.0.2,24,185363,75-10-15,1069014
Queue,17.0.2,24,185363,75-10-15,1071743
Queue,17.0.2,24,185363,75-10-15,1072276
Queue,17.0.2,24,185363,75-10-15,1073079
Queue,17.0.2,24,185363,75-10-15,1069343
Queue,17.0.2,24,185363,75-10-15,1071495
Queue,17.0.2,24,185363,75-10-15,1068925
Queue,17.0.2,24,185363,75-10-15,1067989
Queue,17.0.2,24,185363,75-10-15,1127028
Queue,17.0.2,24,185363,75-10-15,1074672
Queue,17.0.2,48,185363,75-10-15,1208673
Queue,17.0.2,48,185363,75-10-15,1202194
Queue,17.0.2,48,185363,75-10-15,1222018
Queue,17.0.2,48,185363,75-10-15,1153563
Queue,17.0.2,48,185363,75-10-15,1304124
Queue,17.0.2,48,185363,75-10-15,1314673
Queue,17.0.2,48,185363,75-10-15,1299470
Queue,17.0.2,48,185363,75-10-15,1287714
Queue,17.0.2,48,185363,75-10-15,1260393
Queue,17.0.2,48,185363,75-10-15,1293426
Queue,17.0.2,1,185363,18-65-17,67156
Queue,17.0.2,1,185363,18-65-17,60744
Queue,17.0.2,1,185363,18-65-17,62354
Queue,17.0.2,1,185363,18-65-17,61484
Queue,17.0.2,1,185363,18-65-17,61672
Queue,17.0.2,1,185363,18-65-17,57738
Queue,17.0.2,1,185363,18-65-17,62814
Queue,17.0.2,1,185363,18-65-17,61964
Queue,17.0.2,1,185363,18-65-17,62029
Queue,17.0.2,1,185363,18-65-17,61961
Queue,17.0.2,3,185363,18-65-17,192694
Queue,17.0.2,3,185363,18-65-17,186509
Queue,17.0.2,3,185363,18-65-17,183430
Queue,17.0.2,3,185363,18-65-17,185739
Queue,17.0.2,3,185363,18-65-17,185422
Queue,17.0.2,3,185363,18-65-17,185742
Queue,17.0.2,3,185363,18-65-17,184464
Queue,17.0.2,3,185363,18-65-17,185895
Queue,17.0.2,3,185363,18-65-17,186290
Queue,17.0.2,3,185363,18-65-17,186110
Queue,17.0.2,6,185363,18-65-17,370122
Queue,17.0.2,6,185363,18-65-17,372436
Queue,17.0.2,6,185363,18-65-17,370637
Queue,17.0.2,6,185363,18-65-17,372907
Queue,17.0.2,6,185363,18-65-17,371920
Queue,17.0.2,6,185363,18-65-17,371713
Queue,17.0.2,6,185363,18-65-17,371651
Queue,17.0.2,6,185363,18-65-17,371312
Queue,17.0.2,6,185363,18-65-17,369696
Queue,17.0.2,6,185363,18-65-17,372333
Queue,17.0.2,12,185363,18-65-17,619526
Queue,17.0.2,12,185363,18-65-17,638407
Queue,17.0.2,12,185363,18-65-17,642427
Queue,17.0.2,12,185363,18-65-17,637906
Queue,17.0.2,12,185363,18-65-17,633586
Queue,17.0.2,12,185363,18-65-17,646320
Queue,17.0.2,12,185363,18-65-17,631738
Queue,17.0.2,12,185363,18-65-17,626409
Queue,17.0.2,12,185363,18-65-17,632665
Queue,17.0.2,12,185363,18-65-17,630877
Queue,17.0.2,24,185363,18-65-17,1193092
Queue,17.0.2,24,185363,18-65-17,1340876
Queue,17.0.2,24,185363,18-65-17,1351085
Queue,17.0.2,24,185363,18-65-17,1324847
Queue,17.0.2,24,185363,18-65-17,1263956
Queue,17.0.2,24,185363,18-65-17,1246256
Queue,17.0.2,24,185363,18-65-17,1274435
Queue,17.0.2,24,185363,18-65-17,1152600
Queue,17.0.2,24,185363,18-65-17,1270908
Queue,17.0.2,24,185363,18-65-17,1291287
Queue,17.0.2,48,185363,18-65-17,1582123
Queue,17.0.2,48,185363,18-65-17,1800740
Queue,17.0.2,48,185363,18-65-17,1815059
Queue,17.0.2,48,185363,18-65-17,1808912
Queue,17.0.2,48,185363,18-65-17,1815580
Queue,17.0.2,48,185363,18-65-17,1820340
Queue,17.0.2,48,185363,18-65-17,1820687
Queue,17.0.2,48,185363,18-65-17,1819969
Queue,17.0.2,48,185363,18-65-17,1815686
Queue,17.0.2,48,185363,18-65-17,1816622
Queue,17.0.2,1,185363,15-10-75,15013
Queue,17.0.2,1,185363,15-10-75,13661
Queue,17.0.2,1,185363,15-10-75,13029
Queue,17.0.2,1,185363,15-10-75,13733
Queue,17.0.2,1,185363,15-10-75,13281
Queue,17.0.2,1,185363,15-10-75,12847
Queue,17.0.2,1,185363,15-10-75,12663
Queue,17.0.2,1,185363,15-10-75,13196
Queue,17.0.2,1,185363,15-10-75,13527
Queue,17.0.2,1,185363,15-10-75,13271
Queue,17.0.2,3,185363,15-10-75,44073
Queue,17.0.2,3,185363,15-10-75,40515
Queue,17.0.2,3,185363,15-10-75,40898
Queue,17.0.2,3,185363,15-10-75,40228
Queue,17.0.2,3,185363,15-10-75,39971
Queue,17.0.2,3,185363,15-10-75,40411
Queue,17.0.2,3,185363,15-10-75,40005
Queue,17.0.2,3,185363,15-10-75,40727
Queue,17.0.2,3,185363,15-10-75,40403
Queue,17.0.2,3,185363,15-10-75,39884
Queue,17.0.2,6,185363,15-10-75,84596
Queue,17.0.2,6,185363,15-10-75,78822
Queue,17.0.2,6,185363,15-10-75,78588
Queue,17.0.2,6,185363,15-10-75,78653
Queue,17.0.2,6,185363,15-10-75,77649
Queue,17.0.2,6,185363,15-10-75,78480
Queue,17.0.2,6,185363,15-10-75,79067
Queue,17.0.2,6,185363,15-10-75,78956
Queue,17.0.2,6,185363,15-10-75,78500
Queue,17.0.2,6,185363,15-10-75,78242
Queue,17.0.2,12,185363,15-10-75,146116
Queue,17.0.2,12,185363,15-10-75,145216
Queue,17.0.2,12,185363,15-10-75,143851
Queue,17.0.2,12,185363,15-10-75,144992
Queue,17.0.2,12,185363,15-10-75,144612
Queue,17.0.2,12,185363,15-10-75,144334
Queue,17.0.2,12,185363,15-10-75,145032
Queue,17.0.2,12,185363,15-10-75,145710
Queue,17.0.2,12,185363,15-10-75,144408
Queue,17.0.2,12,185363,15-10-75,145160
Queue,17.0.2,24,185363,15-10-75,252570
Queue,17.0.2,24,185363,15-10-75,249921
Queue,17.0.2,24,185363,15-10-75,251905
Queue,17.0.2,24,185363,15-10-75,252517
Queue,17.0.2,24,185363,15-10-75,250021
Queue,17.0.2,24,185363,15-10-75,249458
Queue,17.0.2,24,185363,15-10-75,235782
Queue,17.0.2,24,185363,15-10-75,248776
Queue,17.0.2,24,185363,15-10-75,257239
Queue,17.0.2,24,185363,15-10-75,259479
Queue,17.0.2,48,185363,15-10-75,266015
Queue,17.0.2,48,185363,15-10-75,274306
Queue,17.0.2,48,185363,15-10-75,283482
Queue,17.0.2,48,185363,15-10-75,295227
Queue,17.0.2,48,185363,15-10-75,295376
Queue,17.0.2,48,185363,15-10-75,284314
Queue,17.0.2,48,185363,15-10-75,292240
Queue,17.0.2,48,185363,15-10-75,292507
Queue,17.0.2,48,185363,15-10-75,296282
Queue,17.0.2,48,185363,15-10-75,294426
Queue,17.0.2,1,185363,38-25-37,30841
Queue,17.0.2,1,185363,38-25-37,28019
Queue,17.0.2,1,185363,38-25-37,28439
Queue,17.0.2,1,185363,38-25-37,28330
Queue,17.0.2,1,185363,38-25-37,28365
Queue,17.0.2,1,185363,38-25-37,28257
Queue,17.0.2,1,185363,38-25-37,27442
Queue,17.0.2,1,185363,38-25-37,28074
Queue,17.0.2,1,185363,38-25-37,27769
Queue,17.0.2,1,185363,38-25-37,27410
Queue,17.0.2,3,185363,38-25-37,89176
Queue,17.0.2,3,185363,38-25-37,83492
Queue,17.0.2,3,185363,38-25-37,81556
Queue,17.0.2,3,185363,38-25-37,83606
Queue,17.0.2,3,185363,38-25-37,84904
Queue,17.0.2,3,185363,38-25-37,83411
Queue,17.0.2,3,185363,38-25-37,83685
Queue,17.0.2,3,185363,38-25-37,84516
Queue,17.0.2,3,185363,38-25-37,82462
Queue,17.0.2,3,185363,38-25-37,84764
Queue,17.0.2,6,185363,38-25-37,171313
Queue,17.0.2,6,185363,38-25-37,163856
Queue,17.0.2,6,185363,38-25-37,164605
Queue,17.0.2,6,185363,38-25-37,163502
Queue,17.0.2,6,185363,38-25-37,165283
Queue,17.0.2,6,185363,38-25-37,162977
Queue,17.0.2,6,185363,38-25-37,165689
Queue,17.0.2,6,185363,38-25-37,166154
Queue,17.0.2,6,185363,38-25-37,167558
Queue,17.0.2,6,185363,38-25-37,167772
Queue,17.0.2,12,185363,38-25-37,278343
Queue,17.0.2,12,185363,38-25-37,279509
Queue,17.0.2,12,185363,38-25-37,281460
Queue,17.0.2,12,185363,38-25-37,279288
Queue,17.0.2,12,185363,38-25-37,279624
Queue,17.0.2,12,185363,38-25-37,281575
Queue,17.0.2,12,185363,38-25-37,279280
Queue,17.0.2,12,185363,38-25-37,279475
Queue,17.0.2,12,185363,38-25-37,279550
Queue,17.0.2,12,185363,38-25-37,279386
Queue,17.0.2,24,185363,38-25-37,444727
Queue,17.0.2,24,185363,38-25-37,435792
Queue,17.0.2,24,185363,38-25-37,433717
Queue,17.0.2,24,185363,38-25-37,449199
Queue,17.0.2,24,185363,38-25-37,437450
Queue,17.0.2,24,185363,38-25-37,435059
Queue,17.0.2,24,185363,38-25-37,466797
Queue,17.0.2,24,185363,38-25-37,451517
Queue,17.0.2,24,185363,38-25-37,468368
Queue,17.0.2,24,185363,38-25-37,464610
Queue,17.0.2,48,185363,38-25-37,500091
Queue,17.0.2,48,185363,38-25-37,481948
Queue,17.0.2,48,185363,38-25-37,484099
Queue,17.0.2,48,185363,38-25-37,506410
Queue,17.0.2,48,185363,38-25-37,529923
Queue,17.0.2,48,185363,38-25-37,500223
Queue,17.0.2,48,185363,38-25-37,508526
Queue,17.0.2,48,185363,38-25-37,487471
Queue,17.0.2,48,185363,38-25-37,485009
Queue,17.0.2,48,185363,38-25-37,480568
Queue,17.0.2,1,1048576,75-10-15,1810
Queue,17.0.2,1,1048576,75-10-15,1684
Queue,17.0.2,1,1048576,75-10-15,1716
Queue,17.0.2,1,1048576,75-10-15,1523
Queue,17.0.2,1,1048576,75-10-15,1524
Queue,17.0.2,1,1048576,75-10-15,1554
Queue,17.0.2,1,1048576,75-10-15,1695
Queue,17.0.2,1,1048576,75-10-15,1689
Queue,17.0.2,1,1048576,75-10-15,1643
Queue,17.0.2,1,1048576,75-10-15,1560
Queue,17.0.2,3,1048576,75-10-15,12344
Queue,17.0.2,3,1048576,75-10-15,4524
Queue,17.0.2,3,1048576,75-10-15,4639
Queue,17.0.2,3,1048576,75-10-15,4633
Queue,17.0.2,3,1048576,75-10-15,5031
Queue,17.0.2,3,1048576,75-10-15,4622
Queue,17.0.2,3,1048576,75-10-15,4842
Queue,17.0.2,3,1048576,75-10-15,4840
Queue,17.0.2,3,1048576,75-10-15,4649
Queue,17.0.2,3,1048576,75-10-15,4916
Queue,17.0.2,6,1048576,75-10-15,10340
Queue,17.0.2,6,1048576,75-10-15,10372
Queue,17.0.2,6,1048576,75-10-15,10234
Queue,17.0.2,6,1048576,75-10-15,10320
Queue,17.0.2,6,1048576,75-10-15,9862
Queue,17.0.2,6,1048576,75-10-15,9564
Queue,17.0.2,6,1048576,75-10-15,10927
Queue,17.0.2,6,1048576,75-10-15,9926
Queue,17.0.2,6,1048576,75-10-15,10226
Queue,17.0.2,6,1048576,75-10-15,10166
Queue,17.0.2,12,1048576,75-10-15,65699
Queue,17.0.2,12,1048576,75-10-15,19677
Queue,17.0.2,12,1048576,75-10-15,19677
Queue,17.0.2,12,1048576,75-10-15,19142
Queue,17.0.2,12,1048576,75-10-15,19060
Queue,17.0.2,12,1048576,75-10-15,19970
Queue,17.0.2,12,1048576,75-10-15,19682
Queue,17.0.2,12,1048576,75-10-15,19723
Queue,17.0.2,12,1048576,75-10-15,19373
Queue,17.0.2,12,1048576,75-10-15,19409
Queue,17.0.2,24,1048576,75-10-15,119406
Queue,17.0.2,24,1048576,75-10-15,36933
Queue,17.0.2,24,1048576,75-10-15,36871
Queue,17.0.2,24,1048576,75-10-15,36967
Queue,17.0.2,24,1048576,75-10-15,36782
Queue,17.0.2,24,1048576,75-10-15,37024
Queue,17.0.2,24,1048576,75-10-15,37073
Queue,17.0.2,24,1048576,75-10-15,36678
Queue,17.0.2,24,1048576,75-10-15,36947
Queue,17.0.2,24,1048576,75-10-15,36855
Queue,17.0.2,48,1048576,75-10-15,202051
Queue,17.0.2,48,1048576,75-10-15,54356
Queue,17.0.2,48,1048576,75-10-15,49911
Queue,17.0.2,48,1048576,75-10-15,50855
Queue,17.0.2,48,1048576,75-10-15,50603
Queue,17.0.2,48,1048576,75-10-15,53463
Queue,17.0.2,48,1048576,75-10-15,50324
Queue,17.0.2,48,1048576,75-10-15,50727
Queue,17.0.2,48,1048576,75-10-15,50002
Queue,17.0.2,48,1048576,75-10-15,49818
Queue,17.0.2,1,1048576,18-65-17,4929
Queue,17.0.2,1,1048576,18-65-17,1617
Queue,17.0.2,1,1048576,18-65-17,1912
Queue,17.0.2,1,1048576,18-65-17,1656
Queue,17.0.2,1,1048576,18-65-17,1554
Queue,17.0.2,1,1048576,18-65-17,1550
Queue,17.0.2,1,1048576,18-65-17,1546
Queue,17.0.2,1,1048576,18-65-17,1541
Queue,17.0.2,1,1048576,18-65-17,1546
Queue,17.0.2,1,1048576,18-65-17,1567
Queue,17.0.2,3,1048576,18-65-17,14450
Queue,17.0.2,3,1048576,18-65-17,4253
Queue,17.0.2,3,1048576,18-65-17,4232
Queue,17.0.2,3,1048576,18-65-17,4429
Queue,17.0.2,3,1048576,18-65-17,4166
Queue,17.0.2,3,1048576,18-65-17,4037
Queue,17.0.2,3,1048576,18-65-17,4059
Queue,17.0.2,3,1048576,18-65-17,4174
Queue,17.0.2,3,1048576,18-65-17,4067
Queue,17.0.2,3,1048576,18-65-17,4153
Queue,17.0.2,6,1048576,18-65-17,25563
Queue,17.0.2,6,1048576,18-65-17,8841
Queue,17.0.2,6,1048576,18-65-17,9007
Queue,17.0.2,6,1048576,18-65-17,8645
Queue,17.0.2,6,1048576,18-65-17,8903
Queue,17.0.2,6,1048576,18-65-17,8949
Queue,17.0.2,6,1048576,18-65-17,9237
Queue,17.0.2,6,1048576,18-65-17,8626
Queue,17.0.2,6,1048576,18-65-17,8793
Queue,17.0.2,6,1048576,18-65-17,8733
Queue,17.0.2,12,1048576,18-65-17,54526
Queue,17.0.2,12,1048576,18-65-17,17583
Queue,17.0.2,12,1048576,18-65-17,17172
Queue,17.0.2,12,1048576,18-65-17,17555
Queue,17.0.2,12,1048576,18-65-17,17460
Queue,17.0.2,12,1048576,18-65-17,17170
Queue,17.0.2,12,1048576,18-65-17,17643
Queue,17.0.2,12,1048576,18-65-17,17147
Queue,17.0.2,12,1048576,18-65-17,17391
Queue,17.0.2,12,1048576,18-65-17,17243
Queue,17.0.2,24,1048576,18-65-17,106666
Queue,17.0.2,24,1048576,18-65-17,33230
Queue,17.0.2,24,1048576,18-65-17,33259
Queue,17.0.2,24,1048576,18-65-17,32956
Queue,17.0.2,24,1048576,18-65-17,32868
Queue,17.0.2,24,1048576,18-65-17,32843
Queue,17.0.2,24,1048576,18-65-17,33067
Queue,17.0.2,24,1048576,18-65-17,33005
Queue,17.0.2,24,1048576,18-65-17,33094
Queue,17.0.2,24,1048576,18-65-17,33015
Queue,17.0.2,48,1048576,18-65-17,160010
Queue,17.0.2,48,1048576,18-65-17,44206
Queue,17.0.2,48,1048576,18-65-17,45401
Queue,17.0.2,48,1048576,18-65-17,47853
Queue,17.0.2,48,1048576,18-65-17,45310
Queue,17.0.2,48,1048576,18-65-17,46359
Queue,17.0.2,48,1048576,18-65-17,44575
Queue,17.0.2,48,1048576,18-65-17,44136
Queue,17.0.2,48,1048576,18-65-17,44515
Queue,17.0.2,48,1048576,18-65-17,46024
Queue,17.0.2,1,1048576,15-10-75,924
Queue,17.0.2,1,1048576,15-10-75,342
Queue,17.0.2,1,1048576,15-10-75,349
Queue,17.0.2,1,1048576,15-10-75,353
Queue,17.0.2,1,1048576,15-10-75,345
Queue,17.0.2,1,1048576,15-10-75,340
Queue,17.0.2,1,1048576,15-10-75,330
Queue,17.0.2,1,1048576,15-10-75,350
Queue,17.0.2,1,1048576,15-10-75,336
Queue,17.0.2,1,1048576,15-10-75,383
Queue,17.0.2,3,1048576,15-10-75,3122
Queue,17.0.2,3,1048576,15-10-75,954
Queue,17.0.2,3,1048576,15-10-75,948
Queue,17.0.2,3,1048576,15-10-75,952
Queue,17.0.2,3,1048576,15-10-75,944
Queue,17.0.2,3,1048576,15-10-75,957
Queue,17.0.2,3,1048576,15-10-75,958
Queue,17.0.2,3,1048576,15-10-75,951
Queue,17.0.2,3,1048576,15-10-75,961
Queue,17.0.2,3,1048576,15-10-75,953
Queue,17.0.2,6,1048576,15-10-75,6701
Queue,17.0.2,6,1048576,15-10-75,2061
Queue,17.0.2,6,1048576,15-10-75,2015
Queue,17.0.2,6,1048576,15-10-75,1978
Queue,17.0.2,6,1048576,15-10-75,2102
Queue,17.0.2,6,1048576,15-10-75,1862
Queue,17.0.2,6,1048576,15-10-75,1884
Queue,17.0.2,6,1048576,15-10-75,1932
Queue,17.0.2,6,1048576,15-10-75,1915
Queue,17.0.2,6,1048576,15-10-75,1966
Queue,17.0.2,12,1048576,15-10-75,13152
Queue,17.0.2,12,1048576,15-10-75,3844
Queue,17.0.2,12,1048576,15-10-75,3907
Queue,17.0.2,12,1048576,15-10-75,3819
Queue,17.0.2,12,1048576,15-10-75,3765
Queue,17.0.2,12,1048576,15-10-75,3809
Queue,17.0.2,12,1048576,15-10-75,3796
Queue,17.0.2,12,1048576,15-10-75,3787
Queue,17.0.2,12,1048576,15-10-75,3783
Queue,17.0.2,12,1048576,15-10-75,3773
Queue,17.0.2,24,1048576,15-10-75,23467
Queue,17.0.2,24,1048576,15-10-75,7401
Queue,17.0.2,24,1048576,15-10-75,7342
Queue,17.0.2,24,1048576,15-10-75,7362
Queue,17.0.2,24,1048576,15-10-75,7292
Queue,17.0.2,24,1048576,15-10-75,7474
Queue,17.0.2,24,1048576,15-10-75,7361
Queue,17.0.2,24,1048576,15-10-75,7444
Queue,17.0.2,24,1048576,15-10-75,8010
Queue,17.0.2,24,1048576,15-10-75,7411
Queue,17.0.2,48,1048576,15-10-75,37780
Queue,17.0.2,48,1048576,15-10-75,10334
Queue,17.0.2,48,1048576,15-10-75,10056
Queue,17.0.2,48,1048576,15-10-75,10093
Queue,17.0.2,48,1048576,15-10-75,10159
Queue,17.0.2,48,1048576,15-10-75,10117
Queue,17.0.2,48,1048576,15-10-75,10303
Queue,17.0.2,48,1048576,15-10-75,10135
Queue,17.0.2,48,1048576,15-10-75,10321
Queue,17.0.2,48,1048576,15-10-75,10167
Queue,17.0.2,1,1048576,38-25-37,2346
Queue,17.0.2,1,1048576,38-25-37,708
Queue,17.0.2,1,1048576,38-25-37,723
Queue,17.0.2,1,1048576,38-25-37,725
Queue,17.0.2,1,1048576,38-25-37,699
Queue,17.0.2,1,1048576,38-25-37,711
Queue,17.0.2,1,1048576,38-25-37,712
Queue,17.0.2,1,1048576,38-25-37,696
Queue,17.0.2,1,1048576,38-25-37,832
Queue,17.0.2,1,1048576,38-25-37,700
Queue,17.0.2,3,1048576,38-25-37,7419
Queue,17.0.2,3,1048576,38-25-37,1889
Queue,17.0.2,3,1048576,38-25-37,1877
Queue,17.0.2,3,1048576,38-25-37,1869
Queue,17.0.2,3,1048576,38-25-37,1810
Queue,17.0.2,3,1048576,38-25-37,1851
Queue,17.0.2,3,1048576,38-25-37,1812
Queue,17.0.2,3,1048576,38-25-37,1869
Queue,17.0.2,3,1048576,38-25-37,1832
Queue,17.0.2,3,1048576,38-25-37,1946
Queue,17.0.2,6,1048576,38-25-37,13875
Queue,17.0.2,6,1048576,38-25-37,3775
Queue,17.0.2,6,1048576,38-25-37,3893
Queue,17.0.2,6,1048576,38-25-37,3825
Queue,17.0.2,6,1048576,38-25-37,4000
Queue,17.0.2,6,1048576,38-25-37,3736
Queue,17.0.2,6,1048576,38-25-37,4053
Queue,17.0.2,6,1048576,38-25-37,3803
Queue,17.0.2,6,1048576,38-25-37,3846
Queue,17.0.2,6,1048576,38-25-37,3976
Queue,17.0.2,12,1048576,38-25-37,24700
Queue,17.0.2,12,1048576,38-25-37,7904
Queue,17.0.2,12,1048576,38-25-37,7790
Queue,17.0.2,12,1048576,38-25-37,7668
Queue,17.0.2,12,1048576,38-25-37,7638
Queue,17.0.2,12,1048576,38-25-37,7810
Queue,17.0.2,12,1048576,38-25-37,7641
Queue,17.0.2,12,1048576,38-25-37,7736
Queue,17.0.2,12,1048576,38-25-37,7659
Queue,17.0.2,12,1048576,38-25-37,7825
Queue,17.0.2,24,1048576,38-25-37,51095
Queue,17.0.2,24,1048576,38-25-37,16064
Queue,17.0.2,24,1048576,38-25-37,15888
Queue,17.0.2,24,1048576,38-25-37,14767
Queue,17.0.2,24,1048576,38-25-37,14559
Queue,17.0.2,24,1048576,38-25-37,14561
Queue,17.0.2,24,1048576,38-25-37,14531
Queue,17.0.2,24,1048576,38-25-37,14874
Queue,17.0.2,24,1048576,38-25-37,14477
Queue,17.0.2,24,1048576,38-25-37,14824
Queue,17.0.2,48,1048576,38-25-37,80763
Queue,17.0.2,48,1048576,38-25-37,21048
Queue,17.0.2,48,1048576,38-25-37,22220
Queue,17.0.2,48,1048576,38-25-37,20538
Queue,17.0.2,48,1048576,38-25-37,21221
Queue,17.0.2,48,1048576,38-25-37,20549
Queue,17.0.2,48,1048576,38-25-37,21086
Queue,17.0.2,48,1048576,38-25-37,21386
Queue,17.0.2,48,1048576,38-25-37,20871
Queue,17.0.2,48,1048576,38-25-37,20582
