TreeMap,1.8.0_312,1,32768,75-10-15,27209
TreeMap,1.8.0_312,1,32768,75-10-15,26863
TreeMap,1.8.0_312,1,32768,75-10-15,26753
TreeMap,1.8.0_312,1,32768,75-10-15,26836
TreeMap,1.8.0_312,1,32768,75-10-15,26923
TreeMap,1.8.0_312,1,32768,75-10-15,26784
TreeMap,1.8.0_312,1,32768,75-10-15,26670
TreeMap,1.8.0_312,1,32768,75-10-15,26632
TreeMap,1.8.0_312,1,32768,75-10-15,26788
TreeMap,1.8.0_312,1,32768,75-10-15,26826
TreeMap,1.8.0_312,3,32768,75-10-15,77599
TreeMap,1.8.0_312,3,32768,75-10-15,77217
TreeMap,1.8.0_312,3,32768,75-10-15,77279
TreeMap,1.8.0_312,3,32768,75-10-15,77303
TreeMap,1.8.0_312,3,32768,75-10-15,77342
TreeMap,1.8.0_312,3,32768,75-10-15,77340
TreeMap,1.8.0_312,3,32768,75-10-15,77172
TreeMap,1.8.0_312,3,32768,75-10-15,77177
TreeMap,1.8.0_312,3,32768,75-10-15,77437
TreeMap,1.8.0_312,3,32768,75-10-15,77350
TreeMap,1.8.0_312,6,32768,75-10-15,149404
TreeMap,1.8.0_312,6,32768,75-10-15,148024
TreeMap,1.8.0_312,6,32768,75-10-15,148219
TreeMap,1.8.0_312,6,32768,75-10-15,148261
TreeMap,1.8.0_312,6,32768,75-10-15,148604
TreeMap,1.8.0_312,6,32768,75-10-15,148115
TreeMap,1.8.0_312,6,32768,75-10-15,148297
TreeMap,1.8.0_312,6,32768,75-10-15,148515
TreeMap,1.8.0_312,6,32768,75-10-15,148215
TreeMap,1.8.0_312,6,32768,75-10-15,148493
TreeMap,1.8.0_312,12,32768,75-10-15,276999
TreeMap,1.8.0_312,12,32768,75-10-15,274290
TreeMap,1.8.0_312,12,32768,75-10-15,274114
TreeMap,1.8.0_312,12,32768,75-10-15,274404
TreeMap,1.8.0_312,12,32768,75-10-15,274364
TreeMap,1.8.0_312,12,32768,75-10-15,274120
TreeMap,1.8.0_312,12,32768,75-10-15,268036
TreeMap,1.8.0_312,12,32768,75-10-15,274413
TreeMap,1.8.0_312,12,32768,75-10-15,274350
TreeMap,1.8.0_312,12,32768,75-10-15,274750
TreeMap,1.8.0_312,24,32768,75-10-15,483644
TreeMap,1.8.0_312,24,32768,75-10-15,469281
TreeMap,1.8.0_312,24,32768,75-10-15,463546
TreeMap,1.8.0_312,24,32768,75-10-15,450867
TreeMap,1.8.0_312,24,32768,75-10-15,442427
TreeMap,1.8.0_312,24,32768,75-10-15,442533
TreeMap,1.8.0_312,24,32768,75-10-15,442518
TreeMap,1.8.0_312,24,32768,75-10-15,441679
TreeMap,1.8.0_312,24,32768,75-10-15,450818
TreeMap,1.8.0_312,24,32768,75-10-15,450769
TreeMap,1.8.0_312,48,32768,75-10-15,664195
TreeMap,1.8.0_312,48,32768,75-10-15,627168
TreeMap,1.8.0_312,48,32768,75-10-15,619059
TreeMap,1.8.0_312,48,32768,75-10-15,603415
TreeMap,1.8.0_312,48,32768,75-10-15,603701
TreeMap,1.8.0_312,48,32768,75-10-15,608557
TreeMap,1.8.0_312,48,32768,75-10-15,613326
TreeMap,1.8.0_312,48,32768,75-10-15,605097
TreeMap,1.8.0_312,48,32768,75-10-15,607955
TreeMap,1.8.0_312,48,32768,75-10-15,620834
TreeMap,1.8.0_312,1,32768,18-65-17,24734
TreeMap,1.8.0_312,1,32768,18-65-17,24614
TreeMap,1.8.0_312,1,32768,18-65-17,24664
TreeMap,1.8.0_312,1,32768,18-65-17,24662
TreeMap,1.8.0_312,1,32768,18-65-17,24629
TreeMap,1.8.0_312,1,32768,18-65-17,24711
TreeMap,1.8.0_312,1,32768,18-65-17,24546
TreeMap,1.8.0_312,1,32768,18-65-17,24632
TreeMap,1.8.0_312,1,32768,18-65-17,24697
TreeMap,1.8.0_312,1,32768,18-65-17,24651
TreeMap,1.8.0_312,3,32768,18-65-17,68739
TreeMap,1.8.0_312,3,32768,18-65-17,67225
TreeMap,1.8.0_312,3,32768,18-65-17,67341
TreeMap,1.8.0_312,3,32768,18-65-17,67260
TreeMap,1.8.0_312,3,32768,18-65-17,67351
TreeMap,1.8.0_312,3,32768,18-65-17,67456
TreeMap,1.8.0_312,3,32768,18-65-17,67358
TreeMap,1.8.0_312,3,32768,18-65-17,67516
TreeMap,1.8.0_312,3,32768,18-65-17,67481
TreeMap,1.8.0_312,3,32768,18-65-17,67410
TreeMap,1.8.0_312,6,32768,18-65-17,122561
TreeMap,1.8.0_312,6,32768,18-65-17,122524
TreeMap,1.8.0_312,6,32768,18-65-17,122566
TreeMap,1.8.0_312,6,32768,18-65-17,122556
TreeMap,1.8.0_312,6,32768,18-65-17,122614
TreeMap,1.8.0_312,6,32768,18-65-17,122508
TreeMap,1.8.0_312,6,32768,18-65-17,122441
TreeMap,1.8.0_312,6,32768,18-65-17,122564
TreeMap,1.8.0_312,6,32768,18-65-17,122701
TreeMap,1.8.0_312,6,32768,18-65-17,122566
TreeMap,1.8.0_312,12,32768,18-65-17,218176
TreeMap,1.8.0_312,12,32768,18-65-17,217857
TreeMap,1.8.0_312,12,32768,18-65-17,217532
TreeMap,1.8.0_312,12,32768,18-65-17,217388
TreeMap,1.8.0_312,12,32768,18-65-17,217923
TreeMap,1.8.0_312,12,32768,18-65-17,217643
TreeMap,1.8.0_312,12,32768,18-65-17,214077
TreeMap,1.8.0_312,12,32768,18-65-17,214301
TreeMap,1.8.0_312,12,32768,18-65-17,214725
TreeMap,1.8.0_312,12,32768,18-65-17,218031
TreeMap,1.8.0_312,24,32768,18-65-17,412291
TreeMap,1.8.0_312,24,32768,18-65-17,391669
TreeMap,1.8.0_312,24,32768,18-65-17,362066
TreeMap,1.8.0_312,24,32768,18-65-17,362455
TreeMap,1.8.0_312,24,32768,18-65-17,362812
TreeMap,1.8.0_312,24,32768,18-65-17,362438
TreeMap,1.8.0_312,24,32768,18-65-17,361783
TreeMap,1.8.0_312,24,32768,18-65-17,361817
TreeMap,1.8.0_312,24,32768,18-65-17,362422
TreeMap,1.8.0_312,24,32768,18-65-17,368062
TreeMap,1.8.0_312,48,32768,18-65-17,592283
TreeMap,1.8.0_312,48,32768,18-65-17,542891
TreeMap,1.8.0_312,48,32768,18-65-17,559294
TreeMap,1.8.0_312,48,32768,18-65-17,522819
TreeMap,1.8.0_312,48,32768,18-65-17,540089
TreeMap,1.8.0_312,48,32768,18-65-17,539467
TreeMap,1.8.0_312,48,32768,18-65-17,523031
TreeMap,1.8.0_312,48,32768,18-65-17,541739
TreeMap,1.8.0_312,48,32768,18-65-17,521960
TreeMap,1.8.0_312,48,32768,18-65-17,536168
TreeMap,1.8.0_312,1,32768,15-10-75,26026
TreeMap,1.8.0_312,1,32768,15-10-75,24899
TreeMap,1.8.0_312,1,32768,15-10-75,24847
TreeMap,1.8.0_312,1,32768,15-10-75,24972
TreeMap,1.8.0_312,1,32768,15-10-75,24737
TreeMap,1.8.0_312,1,32768,15-10-75,24849
TreeMap,1.8.0_312,1,32768,15-10-75,25368
TreeMap,1.8.0_312,1,32768,15-10-75,24801
TreeMap,1.8.0_312,1,32768,15-10-75,25042
TreeMap,1.8.0_312,1,32768,15-10-75,24912
TreeMap,1.8.0_312,3,32768,15-10-75,75536
TreeMap,1.8.0_312,3,32768,15-10-75,73675
TreeMap,1.8.0_312,3,32768,15-10-75,72732
TreeMap,1.8.0_312,3,32768,15-10-75,72963
TreeMap,1.8.0_312,3,32768,15-10-75,72822
TreeMap,1.8.0_312,3,32768,15-10-75,72872
TreeMap,1.8.0_312,3,32768,15-10-75,73053
TreeMap,1.8.0_312,3,32768,15-10-75,72904
TreeMap,1.8.0_312,3,32768,15-10-75,72700
TreeMap,1.8.0_312,3,32768,15-10-75,72733
TreeMap,1.8.0_312,6,32768,15-10-75,145070
TreeMap,1.8.0_312,6,32768,15-10-75,141051
TreeMap,1.8.0_312,6,32768,15-10-75,140914
TreeMap,1.8.0_312,6,32768,15-10-75,140966
TreeMap,1.8.0_312,6,32768,15-10-75,140782
TreeMap,1.8.0_312,6,32768,15-10-75,140926
TreeMap,1.8.0_312,6,32768,15-10-75,140569
TreeMap,1.8.0_312,6,32768,15-10-75,140781
TreeMap,1.8.0_312,6,32768,15-10-75,140709
TreeMap,1.8.0_312,6,32768,15-10-75,140795
TreeMap,1.8.0_312,12,32768,15-10-75,257109
TreeMap,1.8.0_312,12,32768,15-10-75,251915
TreeMap,1.8.0_312,12,32768,15-10-75,252054
TreeMap,1.8.0_312,12,32768,15-10-75,251605
TreeMap,1.8.0_312,12,32768,15-10-75,251834
TreeMap,1.8.0_312,12,32768,15-10-75,251797
TreeMap,1.8.0_312,12,32768,15-10-75,252290
TreeMap,1.8.0_312,12,32768,15-10-75,252492
TreeMap,1.8.0_312,12,32768,15-10-75,252253
TreeMap,1.8.0_312,12,32768,15-10-75,252117
TreeMap,1.8.0_312,24,32768,15-10-75,442437
TreeMap,1.8.0_312,24,32768,15-10-75,421665
TreeMap,1.8.0_312,24,32768,15-10-75,415683
TreeMap,1.8.0_312,24,32768,15-10-75,421273
TreeMap,1.8.0_312,24,32768,15-10-75,421410
TreeMap,1.8.0_312,24,32768,15-10-75,424293
TreeMap,1.8.0_312,24,32768,15-10-75,414400
TreeMap,1.8.0_312,24,32768,15-10-75,415264
TreeMap,1.8.0_312,24,32768,15-10-75,415899
TreeMap,1.8.0_312,24,32768,15-10-75,398144
TreeMap,1.8.0_312,48,32768,15-10-75,611356
TreeMap,1.8.0_312,48,32768,15-10-75,568562
TreeMap,1.8.0_312,48,32768,15-10-75,549593
TreeMap,1.8.0_312,48,32768,15-10-75,545385
TreeMap,1.8.0_312,48,32768,15-10-75,549868
TreeMap,1.8.0_312,48,32768,15-10-75,549605
TreeMap,1.8.0_312,48,32768,15-10-75,545939
TreeMap,1.8.0_312,48,32768,15-10-75,548592
TreeMap,1.8.0_312,48,32768,15-10-75,546126
TreeMap,1.8.0_312,48,32768,15-10-75,549140
TreeMap,1.8.0_312,1,32768,38-25-37,26455
TreeMap,1.8.0_312,1,32768,38-25-37,25771
TreeMap,1.8.0_312,1,32768,38-25-37,25762
TreeMap,1.8.0_312,1,32768,38-25-37,25845
TreeMap,1.8.0_312,1,32768,38-25-37,25734
TreeMap,1.8.0_312,1,32768,38-25-37,25476
TreeMap,1.8.0_312,1,32768,38-25-37,25441
TreeMap,1.8.0_312,1,32768,38-25-37,25394
TreeMap,1.8.0_312,1,32768,38-25-37,25342
TreeMap,1.8.0_312,1,32768,38-25-37,25395
TreeMap,1.8.0_312,3,32768,38-25-37,72958
TreeMap,1.8.0_312,3,32768,38-25-37,72358
TreeMap,1.8.0_312,3,32768,38-25-37,71982
TreeMap,1.8.0_312,3,32768,38-25-37,72015
TreeMap,1.8.0_312,3,32768,38-25-37,72104
TreeMap,1.8.0_312,3,32768,38-25-37,71957
TreeMap,1.8.0_312,3,32768,38-25-37,71882
TreeMap,1.8.0_312,3,32768,38-25-37,72087
TreeMap,1.8.0_312,3,32768,38-25-37,72149
TreeMap,1.8.0_312,3,32768,38-25-37,71863
TreeMap,1.8.0_312,6,32768,38-25-37,137706
TreeMap,1.8.0_312,6,32768,38-25-37,136700
TreeMap,1.8.0_312,6,32768,38-25-37,136479
TreeMap,1.8.0_312,6,32768,38-25-37,136883
TreeMap,1.8.0_312,6,32768,38-25-37,136757
TreeMap,1.8.0_312,6,32768,38-25-37,136726
TreeMap,1.8.0_312,6,32768,38-25-37,136776
TreeMap,1.8.0_312,6,32768,38-25-37,136936
TreeMap,1.8.0_312,6,32768,38-25-37,136812
TreeMap,1.8.0_312,6,32768,38-25-37,136770
TreeMap,1.8.0_312,12,32768,38-25-37,240383
TreeMap,1.8.0_312,12,32768,38-25-37,236107
TreeMap,1.8.0_312,12,32768,38-25-37,236368
TreeMap,1.8.0_312,12,32768,38-25-37,235826
TreeMap,1.8.0_312,12,32768,38-25-37,238746
TreeMap,1.8.0_312,12,32768,38-25-37,236124
TreeMap,1.8.0_312,12,32768,38-25-37,238551
TreeMap,1.8.0_312,12,32768,38-25-37,238561
TreeMap,1.8.0_312,12,32768,38-25-37,238857
TreeMap,1.8.0_312,12,32768,38-25-37,238829
TreeMap,1.8.0_312,24,32768,38-25-37,421201
TreeMap,1.8.0_312,24,32768,38-25-37,372964
TreeMap,1.8.0_312,24,32768,38-25-37,372460
TreeMap,1.8.0_312,24,32768,38-25-37,378848
TreeMap,1.8.0_312,24,32768,38-25-37,373168
TreeMap,1.8.0_312,24,32768,38-25-37,372340
TreeMap,1.8.0_312,24,32768,38-25-37,369784
TreeMap,1.8.0_312,24,32768,38-25-37,369980
TreeMap,1.8.0_312,24,32768,38-25-37,372822
TreeMap,1.8.0_312,24,32768,38-25-37,397323
TreeMap,1.8.0_312,48,32768,38-25-37,590560
TreeMap,1.8.0_312,48,32768,38-25-37,549861
TreeMap,1.8.0_312,48,32768,38-25-37,531820
TreeMap,1.8.0_312,48,32768,38-25-37,525824
TreeMap,1.8.0_312,48,32768,38-25-37,529446
TreeMap,1.8.0_312,48,32768,38-25-37,545774
TreeMap,1.8.0_312,48,32768,38-25-37,545161
TreeMap,1.8.0_312,48,32768,38-25-37,528729
TreeMap,1.8.0_312,48,32768,38-25-37,530227
TreeMap,1.8.0_312,48,32768,38-25-37,530897
TreeMap,1.8.0_312,1,185363,75-10-15,3879
TreeMap,1.8.0_312,1,185363,75-10-15,3609
TreeMap,1.8.0_312,1,185363,75-10-15,3599
TreeMap,1.8.0_312,1,185363,75-10-15,3605
TreeMap,1.8.0_312,1,185363,75-10-15,3613
TreeMap,1.8.0_312,1,185363,75-10-15,3612
TreeMap,1.8.0_312,1,185363,75-10-15,3612
TreeMap,1.8.0_312,1,185363,75-10-15,3619
TreeMap,1.8.0_312,1,185363,75-10-15,3614
TreeMap,1.8.0_312,1,185363,75-10-15,3609
TreeMap,1.8.0_312,3,185363,75-10-15,11628
TreeMap,1.8.0_312,3,185363,75-10-15,10808
TreeMap,1.8.0_312,3,185363,75-10-15,10836
TreeMap,1.8.0_312,3,185363,75-10-15,10810
TreeMap,1.8.0_312,3,185363,75-10-15,10806
TreeMap,1.8.0_312,3,185363,75-10-15,10802
TreeMap,1.8.0_312,3,185363,75-10-15,10779
TreeMap,1.8.0_312,3,185363,75-10-15,10807
TreeMap,1.8.0_312,3,185363,75-10-15,10820
TreeMap,1.8.0_312,3,185363,75-10-15,10827
TreeMap,1.8.0_312,6,185363,75-10-15,23190
TreeMap,1.8.0_312,6,185363,75-10-15,21340
TreeMap,1.8.0_312,6,185363,75-10-15,21340
TreeMap,1.8.0_312,6,185363,75-10-15,21368
TreeMap,1.8.0_312,6,185363,75-10-15,21363
TreeMap,1.8.0_312,6,185363,75-10-15,21348
TreeMap,1.8.0_312,6,185363,75-10-15,21353
TreeMap,1.8.0_312,6,185363,75-10-15,21364
TreeMap,1.8.0_312,6,185363,75-10-15,21345
TreeMap,1.8.0_312,6,185363,75-10-15,21404
TreeMap,1.8.0_312,12,185363,75-10-15,45997
TreeMap,1.8.0_312,12,185363,75-10-15,41721
TreeMap,1.8.0_312,12,185363,75-10-15,41773
TreeMap,1.8.0_312,12,185363,75-10-15,41559
TreeMap,1.8.0_312,12,185363,75-10-15,41670
TreeMap,1.8.0_312,12,185363,75-10-15,41751
TreeMap,1.8.0_312,12,185363,75-10-15,41721
TreeMap,1.8.0_312,12,185363,75-10-15,41679
TreeMap,1.8.0_312,12,185363,75-10-15,41613
TreeMap,1.8.0_312,12,185363,75-10-15,41685
TreeMap,1.8.0_312,24,185363,75-10-15,89341
TreeMap,1.8.0_312,24,185363,75-10-15,79547
TreeMap,1.8.0_312,24,185363,75-10-15,79611
TreeMap,1.8.0_312,24,185363,75-10-15,79895
TreeMap,1.8.0_312,24,185363,75-10-15,79057
TreeMap,1.8.0_312,24,185363,75-10-15,79750
TreeMap,1.8.0_312,24,185363,75-10-15,78916
TreeMap,1.8.0_312,24,185363,75-10-15,79919
TreeMap,1.8.0_312,24,185363,75-10-15,79550
TreeMap,1.8.0_312,24,185363,75-10-15,79413
TreeMap,1.8.0_312,48,185363,75-10-15,120871
TreeMap,1.8.0_312,48,185363,75-10-15,101726
TreeMap,1.8.0_312,48,185363,75-10-15,101963
TreeMap,1.8.0_312,48,185363,75-10-15,101591
TreeMap,1.8.0_312,48,185363,75-10-15,101813
TreeMap,1.8.0_312,48,185363,75-10-15,102056
TreeMap,1.8.0_312,48,185363,75-10-15,101180
TreeMap,1.8.0_312,48,185363,75-10-15,101726
TreeMap,1.8.0_312,48,185363,75-10-15,101980
TreeMap,1.8.0_312,48,185363,75-10-15,101587
TreeMap,1.8.0_312,1,185363,18-65-17,3877
TreeMap,1.8.0_312,1,185363,18-65-17,3590
TreeMap,1.8.0_312,1,185363,18-65-17,3578
TreeMap,1.8.0_312,1,185363,18-65-17,3573
TreeMap,1.8.0_312,1,185363,18-65-17,3574
TreeMap,1.8.0_312,1,185363,18-65-17,3571
TreeMap,1.8.0_312,1,185363,18-65-17,3569
TreeMap,1.8.0_312,1,185363,18-65-17,3568
TreeMap,1.8.0_312,1,185363,18-65-17,3579
TreeMap,1.8.0_312,1,185363,18-65-17,3582
TreeMap,1.8.0_312,3,185363,18-65-17,11536
TreeMap,1.8.0_312,3,185363,18-65-17,10389
TreeMap,1.8.0_312,3,185363,18-65-17,10395
TreeMap,1.8.0_312,3,185363,18-65-17,10402
TreeMap,1.8.0_312,3,185363,18-65-17,10382
TreeMap,1.8.0_312,3,185363,18-65-17,10422
TreeMap,1.8.0_312,3,185363,18-65-17,10401
TreeMap,1.8.0_312,3,185363,18-65-17,10391
TreeMap,1.8.0_312,3,185363,18-65-17,10422
TreeMap,1.8.0_312,3,185363,18-65-17,10385
TreeMap,1.8.0_312,6,185363,18-65-17,22612
TreeMap,1.8.0_312,6,185363,18-65-17,20041
TreeMap,1.8.0_312,6,185363,18-65-17,19999
TreeMap,1.8.0_312,6,185363,18-65-17,20000
TreeMap,1.8.0_312,6,185363,18-65-17,20064
TreeMap,1.8.0_312,6,185363,18-65-17,20046
TreeMap,1.8.0_312,6,185363,18-65-17,20050
TreeMap,1.8.0_312,6,185363,18-65-17,20022
TreeMap,1.8.0_312,6,185363,18-65-17,20017
TreeMap,1.8.0_312,6,185363,18-65-17,19991
TreeMap,1.8.0_312,12,185363,18-65-17,42475
TreeMap,1.8.0_312,12,185363,18-65-17,37346
TreeMap,1.8.0_312,12,185363,18-65-17,37382
TreeMap,1.8.0_312,12,185363,18-65-17,37410
TreeMap,1.8.0_312,12,185363,18-65-17,37394
TreeMap,1.8.0_312,12,185363,18-65-17,37419
TreeMap,1.8.0_312,12,185363,18-65-17,37465
TreeMap,1.8.0_312,12,185363,18-65-17,37391
TreeMap,1.8.0_312,12,185363,18-65-17,37369
TreeMap,1.8.0_312,12,185363,18-65-17,37290
TreeMap,1.8.0_312,24,185363,18-65-17,72047
TreeMap,1.8.0_312,24,185363,18-65-17,65590
TreeMap,1.8.0_312,24,185363,18-65-17,64773
TreeMap,1.8.0_312,24,185363,18-65-17,64798
TreeMap,1.8.0_312,24,185363,18-65-17,65496
TreeMap,1.8.0_312,24,185363,18-65-17,65771
TreeMap,1.8.0_312,24,185363,18-65-17,65602
TreeMap,1.8.0_312,24,185363,18-65-17,65543
TreeMap,1.8.0_312,24,185363,18-65-17,65382
TreeMap,1.8.0_312,24,185363,18-65-17,65720
TreeMap,1.8.0_312,48,185363,18-65-17,94045
TreeMap,1.8.0_312,48,185363,18-65-17,82158
TreeMap,1.8.0_312,48,185363,18-65-17,83407
TreeMap,1.8.0_312,48,185363,18-65-17,83317
TreeMap,1.8.0_312,48,185363,18-65-17,83392
TreeMap,1.8.0_312,48,185363,18-65-17,79444
TreeMap,1.8.0_312,48,185363,18-65-17,81199
TreeMap,1.8.0_312,48,185363,18-65-17,81093
TreeMap,1.8.0_312,48,185363,18-65-17,81091
TreeMap,1.8.0_312,48,185363,18-65-17,83403
TreeMap,1.8.0_312,1,185363,15-10-75,3830
TreeMap,1.8.0_312,1,185363,15-10-75,3012
TreeMap,1.8.0_312,1,185363,15-10-75,3026
TreeMap,1.8.0_312,1,185363,15-10-75,3027
TreeMap,1.8.0_312,1,185363,15-10-75,3021
TreeMap,1.8.0_312,1,185363,15-10-75,3015
TreeMap,1.8.0_312,1,185363,15-10-75,3008
TreeMap,1.8.0_312,1,185363,15-10-75,3024
TreeMap,1.8.0_312,1,185363,15-10-75,3013
TreeMap,1.8.0_312,1,185363,15-10-75,3018
TreeMap,1.8.0_312,3,185363,15-10-75,11452
TreeMap,1.8.0_312,3,185363,15-10-75,8873
TreeMap,1.8.0_312,3,185363,15-10-75,8908
TreeMap,1.8.0_312,3,185363,15-10-75,8925
TreeMap,1.8.0_312,3,185363,15-10-75,8903
TreeMap,1.8.0_312,3,185363,15-10-75,8920
TreeMap,1.8.0_312,3,185363,15-10-75,8944
TreeMap,1.8.0_312,3,185363,15-10-75,8911
TreeMap,1.8.0_312,3,185363,15-10-75,8908
TreeMap,1.8.0_312,3,185363,15-10-75,8923
TreeMap,1.8.0_312,6,185363,15-10-75,22891
TreeMap,1.8.0_312,6,185363,15-10-75,17560
TreeMap,1.8.0_312,6,185363,15-10-75,17661
TreeMap,1.8.0_312,6,185363,15-10-75,17617
TreeMap,1.8.0_312,6,185363,15-10-75,17633
TreeMap,1.8.0_312,6,185363,15-10-75,17647
TreeMap,1.8.0_312,6,185363,15-10-75,17664
TreeMap,1.8.0_312,6,185363,15-10-75,17705
TreeMap,1.8.0_312,6,185363,15-10-75,17719
TreeMap,1.8.0_312,6,185363,15-10-75,17629
TreeMap,1.8.0_312,12,185363,15-10-75,45121
TreeMap,1.8.0_312,12,185363,15-10-75,34307
TreeMap,1.8.0_312,12,185363,15-10-75,34446
TreeMap,1.8.0_312,12,185363,15-10-75,34463
TreeMap,1.8.0_312,12,185363,15-10-75,34385
TreeMap,1.8.0_312,12,185363,15-10-75,34356
TreeMap,1.8.0_312,12,185363,15-10-75,34404
TreeMap,1.8.0_312,12,185363,15-10-75,34313
TreeMap,1.8.0_312,12,185363,15-10-75,34398
TreeMap,1.8.0_312,12,185363,15-10-75,34328
TreeMap,1.8.0_312,24,185363,15-10-75,85910
TreeMap,1.8.0_312,24,185363,15-10-75,65813
TreeMap,1.8.0_312,24,185363,15-10-75,66192
TreeMap,1.8.0_312,24,185363,15-10-75,66049
TreeMap,1.8.0_312,24,185363,15-10-75,66209
TreeMap,1.8.0_312,24,185363,15-10-75,65898
TreeMap,1.8.0_312,24,185363,15-10-75,66053
TreeMap,1.8.0_312,24,185363,15-10-75,66300
TreeMap,1.8.0_312,24,185363,15-10-75,65986
TreeMap,1.8.0_312,24,185363,15-10-75,66242
TreeMap,1.8.0_312,48,185363,15-10-75,118889
TreeMap,1.8.0_312,48,185363,15-10-75,87996
TreeMap,1.8.0_312,48,185363,15-10-75,87023
TreeMap,1.8.0_312,48,185363,15-10-75,87615
TreeMap,1.8.0_312,48,185363,15-10-75,87345
TreeMap,1.8.0_312,48,185363,15-10-75,88259
TreeMap,1.8.0_312,48,185363,15-10-75,87019
TreeMap,1.8.0_312,48,185363,15-10-75,87963
TreeMap,1.8.0_312,48,185363,15-10-75,87513
TreeMap,1.8.0_312,48,185363,15-10-75,88106
TreeMap,1.8.0_312,1,185363,38-25-37,3870
TreeMap,1.8.0_312,1,185363,38-25-37,3359
TreeMap,1.8.0_312,1,185363,38-25-37,3364
TreeMap,1.8.0_312,1,185363,38-25-37,3360
TreeMap,1.8.0_312,1,185363,38-25-37,3365
TreeMap,1.8.0_312,1,185363,38-25-37,3363
TreeMap,1.8.0_312,1,185363,38-25-37,3370
TreeMap,1.8.0_312,1,185363,38-25-37,3360
TreeMap,1.8.0_312,1,185363,38-25-37,3358
TreeMap,1.8.0_312,1,185363,38-25-37,3354
TreeMap,1.8.0_312,3,185363,38-25-37,11528
TreeMap,1.8.0_312,3,185363,38-25-37,9913
TreeMap,1.8.0_312,3,185363,38-25-37,9885
TreeMap,1.8.0_312,3,185363,38-25-37,9896
TreeMap,1.8.0_312,3,185363,38-25-37,9894
TreeMap,1.8.0_312,3,185363,38-25-37,9885
TreeMap,1.8.0_312,3,185363,38-25-37,9895
TreeMap,1.8.0_312,3,185363,38-25-37,9894
TreeMap,1.8.0_312,3,185363,38-25-37,9882
TreeMap,1.8.0_312,3,185363,38-25-37,9893
TreeMap,1.8.0_312,6,185363,38-25-37,22878
TreeMap,1.8.0_312,6,185363,38-25-37,19350
TreeMap,1.8.0_312,6,185363,38-25-37,19387
TreeMap,1.8.0_312,6,185363,38-25-37,19434
TreeMap,1.8.0_312,6,185363,38-25-37,19414
TreeMap,1.8.0_312,6,185363,38-25-37,19394
TreeMap,1.8.0_312,6,185363,38-25-37,19383
TreeMap,1.8.0_312,6,185363,38-25-37,19408
TreeMap,1.8.0_312,6,185363,38-25-37,19434
TreeMap,1.8.0_312,6,185363,38-25-37,19395
TreeMap,1.8.0_312,12,185363,38-25-37,44695
TreeMap,1.8.0_312,12,185363,38-25-37,37266
TreeMap,1.8.0_312,12,185363,38-25-37,37272
TreeMap,1.8.0_312,12,185363,38-25-37,37264
TreeMap,1.8.0_312,12,185363,38-25-37,37363
TreeMap,1.8.0_312,12,185363,38-25-37,37303
TreeMap,1.8.0_312,12,185363,38-25-37,37414
TreeMap,1.8.0_312,12,185363,38-25-37,37428
TreeMap,1.8.0_312,12,185363,38-25-37,37360
TreeMap,1.8.0_312,12,185363,38-25-37,37289
TreeMap,1.8.0_312,24,185363,38-25-37,82829
TreeMap,1.8.0_312,24,185363,38-25-37,70065
TreeMap,1.8.0_312,24,185363,38-25-37,70212
TreeMap,1.8.0_312,24,185363,38-25-37,69921
TreeMap,1.8.0_312,24,185363,38-25-37,70384
TreeMap,1.8.0_312,24,185363,38-25-37,70142
TreeMap,1.8.0_312,24,185363,38-25-37,69956
TreeMap,1.8.0_312,24,185363,38-25-37,70022
TreeMap,1.8.0_312,24,185363,38-25-37,70289
TreeMap,1.8.0_312,24,185363,38-25-37,70172
TreeMap,1.8.0_312,48,185363,38-25-37,110481
TreeMap,1.8.0_312,48,185363,38-25-37,90354
TreeMap,1.8.0_312,48,185363,38-25-37,91112
TreeMap,1.8.0_312,48,185363,38-25-37,91230
TreeMap,1.8.0_312,48,185363,38-25-37,90861
TreeMap,1.8.0_312,48,185363,38-25-37,91866
TreeMap,1.8.0_312,48,185363,38-25-37,91948
TreeMap,1.8.0_312,48,185363,38-25-37,92164
TreeMap,1.8.0_312,48,185363,38-25-37,92383
TreeMap,1.8.0_312,48,185363,38-25-37,92505
TreeMap,1.8.0_312,1,1048576,75-10-15,72
TreeMap,1.8.0_312,1,1048576,75-10-15,69
TreeMap,1.8.0_312,1,1048576,75-10-15,70
TreeMap,1.8.0_312,1,1048576,75-10-15,69
TreeMap,1.8.0_312,1,1048576,75-10-15,69
TreeMap,1.8.0_312,1,1048576,75-10-15,68
TreeMap,1.8.0_312,1,1048576,75-10-15,69
TreeMap,1.8.0_312,1,1048576,75-10-15,69
TreeMap,1.8.0_312,1,1048576,75-10-15,70
TreeMap,1.8.0_312,1,1048576,75-10-15,69
TreeMap,1.8.0_312,3,1048576,75-10-15,219
TreeMap,1.8.0_312,3,1048576,75-10-15,219
TreeMap,1.8.0_312,3,1048576,75-10-15,219
TreeMap,1.8.0_312,3,1048576,75-10-15,219
TreeMap,1.8.0_312,3,1048576,75-10-15,219
TreeMap,1.8.0_312,3,1048576,75-10-15,219
TreeMap,1.8.0_312,3,1048576,75-10-15,219
TreeMap,1.8.0_312,3,1048576,75-10-15,219
TreeMap,1.8.0_312,3,1048576,75-10-15,219
TreeMap,1.8.0_312,3,1048576,75-10-15,216
TreeMap,1.8.0_312,6,1048576,75-10-15,444
TreeMap,1.8.0_312,6,1048576,75-10-15,449
TreeMap,1.8.0_312,6,1048576,75-10-15,453
TreeMap,1.8.0_312,6,1048576,75-10-15,444
TreeMap,1.8.0_312,6,1048576,75-10-15,444
TreeMap,1.8.0_312,6,1048576,75-10-15,444
TreeMap,1.8.0_312,6,1048576,75-10-15,444
TreeMap,1.8.0_312,6,1048576,75-10-15,444
TreeMap,1.8.0_312,6,1048576,75-10-15,443
TreeMap,1.8.0_312,6,1048576,75-10-15,444
TreeMap,1.8.0_312,12,1048576,75-10-15,984
TreeMap,1.8.0_312,12,1048576,75-10-15,979
TreeMap,1.8.0_312,12,1048576,75-10-15,978
TreeMap,1.8.0_312,12,1048576,75-10-15,986
TreeMap,1.8.0_312,12,1048576,75-10-15,983
TreeMap,1.8.0_312,12,1048576,75-10-15,986
TreeMap,1.8.0_312,12,1048576,75-10-15,977
TreeMap,1.8.0_312,12,1048576,75-10-15,981
TreeMap,1.8.0_312,12,1048576,75-10-15,984
TreeMap,1.8.0_312,12,1048576,75-10-15,975
TreeMap,1.8.0_312,24,1048576,75-10-15,1968
TreeMap,1.8.0_312,24,1048576,75-10-15,1929
TreeMap,1.8.0_312,24,1048576,75-10-15,1932
TreeMap,1.8.0_312,24,1048576,75-10-15,1932
TreeMap,1.8.0_312,24,1048576,75-10-15,1920
TreeMap,1.8.0_312,24,1048576,75-10-15,1920
TreeMap,1.8.0_312,24,1048576,75-10-15,1908
TreeMap,1.8.0_312,24,1048576,75-10-15,1923
TreeMap,1.8.0_312,24,1048576,75-10-15,1920
TreeMap,1.8.0_312,24,1048576,75-10-15,1919
TreeMap,1.8.0_312,48,1048576,75-10-15,3791
TreeMap,1.8.0_312,48,1048576,75-10-15,3561
TreeMap,1.8.0_312,48,1048576,75-10-15,3588
TreeMap,1.8.0_312,48,1048576,75-10-15,3586
TreeMap,1.8.0_312,48,1048576,75-10-15,3605
TreeMap,1.8.0_312,48,1048576,75-10-15,3604
TreeMap,1.8.0_312,48,1048576,75-10-15,3557
TreeMap,1.8.0_312,48,1048576,75-10-15,3576
TreeMap,1.8.0_312,48,1048576,75-10-15,3564
TreeMap,1.8.0_312,48,1048576,75-10-15,3576
TreeMap,1.8.0_312,1,1048576,18-65-17,72
TreeMap,1.8.0_312,1,1048576,18-65-17,70
TreeMap,1.8.0_312,1,1048576,18-65-17,69
TreeMap,1.8.0_312,1,1048576,18-65-17,70
TreeMap,1.8.0_312,1,1048576,18-65-17,70
TreeMap,1.8.0_312,1,1048576,18-65-17,69
TreeMap,1.8.0_312,1,1048576,18-65-17,69
TreeMap,1.8.0_312,1,1048576,18-65-17,70
TreeMap,1.8.0_312,1,1048576,18-65-17,70
TreeMap,1.8.0_312,1,1048576,18-65-17,69
TreeMap,1.8.0_312,3,1048576,18-65-17,222
TreeMap,1.8.0_312,3,1048576,18-65-17,219
TreeMap,1.8.0_312,3,1048576,18-65-17,216
TreeMap,1.8.0_312,3,1048576,18-65-17,219
TreeMap,1.8.0_312,3,1048576,18-65-17,218
TreeMap,1.8.0_312,3,1048576,18-65-17,219
TreeMap,1.8.0_312,3,1048576,18-65-17,219
TreeMap,1.8.0_312,3,1048576,18-65-17,219
TreeMap,1.8.0_312,3,1048576,18-65-17,219
TreeMap,1.8.0_312,3,1048576,18-65-17,219
TreeMap,1.8.0_312,6,1048576,18-65-17,480
TreeMap,1.8.0_312,6,1048576,18-65-17,479
TreeMap,1.8.0_312,6,1048576,18-65-17,479
TreeMap,1.8.0_312,6,1048576,18-65-17,479
TreeMap,1.8.0_312,6,1048576,18-65-17,478
TreeMap,1.8.0_312,6,1048576,18-65-17,477
TreeMap,1.8.0_312,6,1048576,18-65-17,480
TreeMap,1.8.0_312,6,1048576,18-65-17,479
TreeMap,1.8.0_312,6,1048576,18-65-17,478
TreeMap,1.8.0_312,6,1048576,18-65-17,478
TreeMap,1.8.0_312,12,1048576,18-65-17,984
TreeMap,1.8.0_312,12,1048576,18-65-17,972
TreeMap,1.8.0_312,12,1048576,18-65-17,980
TreeMap,1.8.0_312,12,1048576,18-65-17,983
TreeMap,1.8.0_312,12,1048576,18-65-17,979
TreeMap,1.8.0_312,12,1048576,18-65-17,974
TreeMap,1.8.0_312,12,1048576,18-65-17,974
TreeMap,1.8.0_312,12,1048576,18-65-17,984
TreeMap,1.8.0_312,12,1048576,18-65-17,981
TreeMap,1.8.0_312,12,1048576,18-65-17,981
TreeMap,1.8.0_312,24,1048576,18-65-17,1968
TreeMap,1.8.0_312,24,1048576,18-65-17,1901
TreeMap,1.8.0_312,24,1048576,18-65-17,1911
TreeMap,1.8.0_312,24,1048576,18-65-17,1907
TreeMap,1.8.0_312,24,1048576,18-65-17,1908
TreeMap,1.8.0_312,24,1048576,18-65-17,1902
TreeMap,1.8.0_312,24,1048576,18-65-17,1902
TreeMap,1.8.0_312,24,1048576,18-65-17,1905
TreeMap,1.8.0_312,24,1048576,18-65-17,1899
TreeMap,1.8.0_312,24,1048576,18-65-17,1908
TreeMap,1.8.0_312,48,1048576,18-65-17,3696
TreeMap,1.8.0_312,48,1048576,18-65-17,3563
TreeMap,1.8.0_312,48,1048576,18-65-17,3528
TreeMap,1.8.0_312,48,1048576,18-65-17,3534
TreeMap,1.8.0_312,48,1048576,18-65-17,3528
TreeMap,1.8.0_312,48,1048576,18-65-17,3498
TreeMap,1.8.0_312,48,1048576,18-65-17,3546
TreeMap,1.8.0_312,48,1048576,18-65-17,3516
TreeMap,1.8.0_312,48,1048576,18-65-17,3510
TreeMap,1.8.0_312,48,1048576,18-65-17,3574
TreeMap,1.8.0_312,1,1048576,15-10-75,68
TreeMap,1.8.0_312,1,1048576,15-10-75,61
TreeMap,1.8.0_312,1,1048576,15-10-75,61
TreeMap,1.8.0_312,1,1048576,15-10-75,60
TreeMap,1.8.0_312,1,1048576,15-10-75,62
TreeMap,1.8.0_312,1,1048576,15-10-75,62
TreeMap,1.8.0_312,1,1048576,15-10-75,61
TreeMap,1.8.0_312,1,1048576,15-10-75,62
TreeMap,1.8.0_312,1,1048576,15-10-75,62
TreeMap,1.8.0_312,1,1048576,15-10-75,62
TreeMap,1.8.0_312,3,1048576,15-10-75,219
TreeMap,1.8.0_312,3,1048576,15-10-75,200
TreeMap,1.8.0_312,3,1048576,15-10-75,197
TreeMap,1.8.0_312,3,1048576,15-10-75,198
TreeMap,1.8.0_312,3,1048576,15-10-75,198
TreeMap,1.8.0_312,3,1048576,15-10-75,198
TreeMap,1.8.0_312,3,1048576,15-10-75,200
TreeMap,1.8.0_312,3,1048576,15-10-75,197
TreeMap,1.8.0_312,3,1048576,15-10-75,201
TreeMap,1.8.0_312,3,1048576,15-10-75,197
TreeMap,1.8.0_312,6,1048576,15-10-75,456
TreeMap,1.8.0_312,6,1048576,15-10-75,409
TreeMap,1.8.0_312,6,1048576,15-10-75,410
TreeMap,1.8.0_312,6,1048576,15-10-75,414
TreeMap,1.8.0_312,6,1048576,15-10-75,411
TreeMap,1.8.0_312,6,1048576,15-10-75,411
TreeMap,1.8.0_312,6,1048576,15-10-75,410
TreeMap,1.8.0_312,6,1048576,15-10-75,412
TreeMap,1.8.0_312,6,1048576,15-10-75,411
TreeMap,1.8.0_312,6,1048576,15-10-75,410
TreeMap,1.8.0_312,12,1048576,15-10-75,948
TreeMap,1.8.0_312,12,1048576,15-10-75,832
TreeMap,1.8.0_312,12,1048576,15-10-75,835
TreeMap,1.8.0_312,12,1048576,15-10-75,832
TreeMap,1.8.0_312,12,1048576,15-10-75,825
TreeMap,1.8.0_312,12,1048576,15-10-75,829
TreeMap,1.8.0_312,12,1048576,15-10-75,836
TreeMap,1.8.0_312,12,1048576,15-10-75,834
TreeMap,1.8.0_312,12,1048576,15-10-75,832
TreeMap,1.8.0_312,12,1048576,15-10-75,835
TreeMap,1.8.0_312,24,1048576,15-10-75,1824
TreeMap,1.8.0_312,24,1048576,15-10-75,1608
TreeMap,1.8.0_312,24,1048576,15-10-75,1623
TreeMap,1.8.0_312,24,1048576,15-10-75,1626
TreeMap,1.8.0_312,24,1048576,15-10-75,1602
TreeMap,1.8.0_312,24,1048576,15-10-75,1608
TreeMap,1.8.0_312,24,1048576,15-10-75,1608
TreeMap,1.8.0_312,24,1048576,15-10-75,1608
TreeMap,1.8.0_312,24,1048576,15-10-75,1584
TreeMap,1.8.0_312,24,1048576,15-10-75,1608
TreeMap,1.8.0_312,48,1048576,15-10-75,3456
TreeMap,1.8.0_312,48,1048576,15-10-75,2976
TreeMap,1.8.0_312,48,1048576,15-10-75,2976
TreeMap,1.8.0_312,48,1048576,15-10-75,2976
TreeMap,1.8.0_312,48,1048576,15-10-75,2976
TreeMap,1.8.0_312,48,1048576,15-10-75,2928
TreeMap,1.8.0_312,48,1048576,15-10-75,2976
TreeMap,1.8.0_312,48,1048576,15-10-75,2928
TreeMap,1.8.0_312,48,1048576,15-10-75,2928
TreeMap,1.8.0_312,48,1048576,15-10-75,2976
TreeMap,1.8.0_312,1,1048576,38-25-37,71
TreeMap,1.8.0_312,1,1048576,38-25-37,66
TreeMap,1.8.0_312,1,1048576,38-25-37,66
TreeMap,1.8.0_312,1,1048576,38-25-37,66
TreeMap,1.8.0_312,1,1048576,38-25-37,66
TreeMap,1.8.0_312,1,1048576,38-25-37,65
TreeMap,1.8.0_312,1,1048576,38-25-37,66
TreeMap,1.8.0_312,1,1048576,38-25-37,66
TreeMap,1.8.0_312,1,1048576,38-25-37,66
TreeMap,1.8.0_312,1,1048576,38-25-37,66
TreeMap,1.8.0_312,3,1048576,38-25-37,219
TreeMap,1.8.0_312,3,1048576,38-25-37,213
TreeMap,1.8.0_312,3,1048576,38-25-37,213
TreeMap,1.8.0_312,3,1048576,38-25-37,210
TreeMap,1.8.0_312,3,1048576,38-25-37,213
TreeMap,1.8.0_312,3,1048576,38-25-37,213
TreeMap,1.8.0_312,3,1048576,38-25-37,213
TreeMap,1.8.0_312,3,1048576,38-25-37,215
TreeMap,1.8.0_312,3,1048576,38-25-37,213
TreeMap,1.8.0_312,3,1048576,38-25-37,213
TreeMap,1.8.0_312,6,1048576,38-25-37,480
TreeMap,1.8.0_312,6,1048576,38-25-37,457
TreeMap,1.8.0_312,6,1048576,38-25-37,456
TreeMap,1.8.0_312,6,1048576,38-25-37,457
TreeMap,1.8.0_312,6,1048576,38-25-37,455
TreeMap,1.8.0_312,6,1048576,38-25-37,455
TreeMap,1.8.0_312,6,1048576,38-25-37,458
TreeMap,1.8.0_312,6,1048576,38-25-37,461
TreeMap,1.8.0_312,6,1048576,38-25-37,455
TreeMap,1.8.0_312,6,1048576,38-25-37,456
TreeMap,1.8.0_312,12,1048576,38-25-37,972
TreeMap,1.8.0_312,12,1048576,38-25-37,918
TreeMap,1.8.0_312,12,1048576,38-25-37,922
TreeMap,1.8.0_312,12,1048576,38-25-37,916
TreeMap,1.8.0_312,12,1048576,38-25-37,918
TreeMap,1.8.0_312,12,1048576,38-25-37,922
TreeMap,1.8.0_312,12,1048576,38-25-37,925
TreeMap,1.8.0_312,12,1048576,38-25-37,929
TreeMap,1.8.0_312,12,1048576,38-25-37,925
TreeMap,1.8.0_312,12,1048576,38-25-37,922
TreeMap,1.8.0_312,24,1048576,38-25-37,1920
TreeMap,1.8.0_312,24,1048576,38-25-37,1782
TreeMap,1.8.0_312,24,1048576,38-25-37,1770
TreeMap,1.8.0_312,24,1048576,38-25-37,1770
TreeMap,1.8.0_312,24,1048576,38-25-37,1791
TreeMap,1.8.0_312,24,1048576,38-25-37,1779
TreeMap,1.8.0_312,24,1048576,38-25-37,1776
TreeMap,1.8.0_312,24,1048576,38-25-37,1782
TreeMap,1.8.0_312,24,1048576,38-25-37,1782
TreeMap,1.8.0_312,24,1048576,38-25-37,1761
TreeMap,1.8.0_312,48,1048576,38-25-37,3552
TreeMap,1.8.0_312,48,1048576,38-25-37,3228
TreeMap,1.8.0_312,48,1048576,38-25-37,3234
TreeMap,1.8.0_312,48,1048576,38-25-37,3290
TreeMap,1.8.0_312,48,1048576,38-25-37,3317
TreeMap,1.8.0_312,48,1048576,38-25-37,3276
TreeMap,1.8.0_312,48,1048576,38-25-37,3258
TreeMap,1.8.0_312,48,1048576,38-25-37,3256
TreeMap,1.8.0_312,48,1048576,38-25-37,3258
TreeMap,1.8.0_312,48,1048576,38-25-37,3210
