TreeMap,17.0.2,1,32768,75-10-15,161074
TreeMap,17.0.2,1,32768,75-10-15,160743
TreeMap,17.0.2,1,32768,75-10-15,160873
TreeMap,17.0.2,1,32768,75-10-15,160433
TreeMap,17.0.2,1,32768,75-10-15,165403
TreeMap,17.0.2,1,32768,75-10-15,160585
TreeMap,17.0.2,1,32768,75-10-15,161066
TreeMap,17.0.2,1,32768,75-10-15,160540
TreeMap,17.0.2,1,32768,75-10-15,160374
TreeMap,17.0.2,1,32768,75-10-15,161043
TreeMap,17.0.2,3,32768,75-10-15,386955
TreeMap,17.0.2,3,32768,75-10-15,386200
TreeMap,17.0.2,3,32768,75-10-15,385390
TreeMap,17.0.2,3,32768,75-10-15,386087
TreeMap,17.0.2,3,32768,75-10-15,385783
TreeMap,17.0.2,3,32768,75-10-15,385453
TreeMap,17.0.2,3,32768,75-10-15,385341
TreeMap,17.0.2,3,32768,75-10-15,385361
TreeMap,17.0.2,3,32768,75-10-15,385474
TreeMap,17.0.2,3,32768,75-10-15,385604
TreeMap,17.0.2,6,32768,75-10-15,850715
TreeMap,17.0.2,6,32768,75-10-15,776069
TreeMap,17.0.2,6,32768,75-10-15,614903
TreeMap,17.0.2,6,32768,75-10-15,617236
TreeMap,17.0.2,6,32768,75-10-15,616679
TreeMap,17.0.2,6,32768,75-10-15,616732
TreeMap,17.0.2,6,32768,75-10-15,617449
TreeMap,17.0.2,6,32768,75-10-15,618795
TreeMap,17.0.2,6,32768,75-10-15,619201
TreeMap,17.0.2,6,32768,75-10-15,619639
TreeMap,17.0.2,12,32768,75-10-15,1293908
TreeMap,17.0.2,12,32768,75-10-15,1037255
TreeMap,17.0.2,12,32768,75-10-15,1038983
TreeMap,17.0.2,12,32768,75-10-15,1036694
TreeMap,17.0.2,12,32768,75-10-15,1040109
TreeMap,17.0.2,12,32768,75-10-15,1040240
TreeMap,17.0.2,12,32768,75-10-15,1037768
TreeMap,17.0.2,12,32768,75-10-15,1038420
TreeMap,17.0.2,12,32768,75-10-15,1037573
TreeMap,17.0.2,12,32768,75-10-15,1037499
TreeMap,17.0.2,24,32768,75-10-15,2157056
TreeMap,17.0.2,24,32768,75-10-15,1979537
TreeMap,17.0.2,24,32768,75-10-15,1959391
TreeMap,17.0.2,24,32768,75-10-15,1830316
TreeMap,17.0.2,24,32768,75-10-15,1827325
TreeMap,17.0.2,24,32768,75-10-15,1823102
TreeMap,17.0.2,24,32768,75-10-15,1831719
TreeMap,17.0.2,24,32768,75-10-15,1832557
TreeMap,17.0.2,24,32768,75-10-15,1834100
TreeMap,17.0.2,24,32768,75-10-15,1825409
TreeMap,17.0.2,48,32768,75-10-15,3276443
TreeMap,17.0.2,48,32768,75-10-15,3234294
TreeMap,17.0.2,48,32768,75-10-15,3237981
TreeMap,17.0.2,48,32768,75-10-15,3238257
TreeMap,17.0.2,48,32768,75-10-15,2953763
TreeMap,17.0.2,48,32768,75-10-15,2952087
TreeMap,17.0.2,48,32768,75-10-15,2952480
TreeMap,17.0.2,48,32768,75-10-15,2935920
TreeMap,17.0.2,48,32768,75-10-15,2949897
TreeMap,17.0.2,48,32768,75-10-15,2951692
TreeMap,17.0.2,1,32768,18-65-17,113375
TreeMap,17.0.2,1,32768,18-65-17,112321
TreeMap,17.0.2,1,32768,18-65-17,112424
TreeMap,17.0.2,1,32768,18-65-17,112294
TreeMap,17.0.2,1,32768,18-65-17,112478
TreeMap,17.0.2,1,32768,18-65-17,112280
TreeMap,17.0.2,1,32768,18-65-17,112514
TreeMap,17.0.2,1,32768,18-65-17,112456
TreeMap,17.0.2,1,32768,18-65-17,112656
TreeMap,17.0.2,1,32768,18-65-17,112926
TreeMap,17.0.2,3,32768,18-65-17,268834
TreeMap,17.0.2,3,32768,18-65-17,267110
TreeMap,17.0.2,3,32768,18-65-17,267764
TreeMap,17.0.2,3,32768,18-65-17,268194
TreeMap,17.0.2,3,32768,18-65-17,268273
TreeMap,17.0.2,3,32768,18-65-17,266907
TreeMap,17.0.2,3,32768,18-65-17,268025
TreeMap,17.0.2,3,32768,18-65-17,268200
TreeMap,17.0.2,3,32768,18-65-17,267970
TreeMap,17.0.2,3,32768,18-65-17,268010
TreeMap,17.0.2,6,32768,18-65-17,488983
TreeMap,17.0.2,6,32768,18-65-17,487124
TreeMap,17.0.2,6,32768,18-65-17,486994
TreeMap,17.0.2,6,32768,18-65-17,487426
TreeMap,17.0.2,6,32768,18-65-17,487637
TreeMap,17.0.2,6,32768,18-65-17,487314
TreeMap,17.0.2,6,32768,18-65-17,487966
TreeMap,17.0.2,6,32768,18-65-17,486244
TreeMap,17.0.2,6,32768,18-65-17,486545
TreeMap,17.0.2,6,32768,18-65-17,487057
TreeMap,17.0.2,12,32768,18-65-17,927735
TreeMap,17.0.2,12,32768,18-65-17,919504
TreeMap,17.0.2,12,32768,18-65-17,921726
TreeMap,17.0.2,12,32768,18-65-17,918171
TreeMap,17.0.2,12,32768,18-65-17,917341
TreeMap,17.0.2,12,32768,18-65-17,920597
TreeMap,17.0.2,12,32768,18-65-17,918541
TreeMap,17.0.2,12,32768,18-65-17,918801
TreeMap,17.0.2,12,32768,18-65-17,918740
TreeMap,17.0.2,12,32768,18-65-17,919273
TreeMap,17.0.2,24,32768,18-65-17,1920771
TreeMap,17.0.2,24,32768,18-65-17,1898550
TreeMap,17.0.2,24,32768,18-65-17,1890499
TreeMap,17.0.2,24,32768,18-65-17,1898319
TreeMap,17.0.2,24,32768,18-65-17,1732327
TreeMap,17.0.2,24,32768,18-65-17,1889180
TreeMap,17.0.2,24,32768,18-65-17,1897071
TreeMap,17.0.2,24,32768,18-65-17,1873966
TreeMap,17.0.2,24,32768,18-65-17,1658740
TreeMap,17.0.2,24,32768,18-65-17,1909056
TreeMap,17.0.2,48,32768,18-65-17,2937627
TreeMap,17.0.2,48,32768,18-65-17,2975858
TreeMap,17.0.2,48,32768,18-65-17,2792493
TreeMap,17.0.2,48,32768,18-65-17,2649150
TreeMap,17.0.2,48,32768,18-65-17,2979775
TreeMap,17.0.2,48,32768,18-65-17,2978286
TreeMap,17.0.2,48,32768,18-65-17,2799239
TreeMap,17.0.2,48,32768,18-65-17,2695997
TreeMap,17.0.2,48,32768,18-65-17,2977731
TreeMap,17.0.2,48,32768,18-65-17,2980040
TreeMap,17.0.2,1,32768,15-10-75,33247
TreeMap,17.0.2,1,32768,15-10-75,33454
TreeMap,17.0.2,1,32768,15-10-75,33326
TreeMap,17.0.2,1,32768,15-10-75,32998
TreeMap,17.0.2,1,32768,15-10-75,33212
TreeMap,17.0.2,1,32768,15-10-75,33109
TreeMap,17.0.2,1,32768,15-10-75,34383
TreeMap,17.0.2,1,32768,15-10-75,34487
TreeMap,17.0.2,1,32768,15-10-75,34558
TreeMap,17.0.2,1,32768,15-10-75,33095
TreeMap,17.0.2,3,32768,15-10-75,96211
TreeMap,17.0.2,3,32768,15-10-75,96529
TreeMap,17.0.2,3,32768,15-10-75,97044
TreeMap,17.0.2,3,32768,15-10-75,96791
TreeMap,17.0.2,3,32768,15-10-75,97376
TreeMap,17.0.2,3,32768,15-10-75,96754
TreeMap,17.0.2,3,32768,15-10-75,97008
TreeMap,17.0.2,3,32768,15-10-75,96669
TreeMap,17.0.2,3,32768,15-10-75,96416
TreeMap,17.0.2,3,32768,15-10-75,96920
TreeMap,17.0.2,6,32768,15-10-75,185602
TreeMap,17.0.2,6,32768,15-10-75,184261
TreeMap,17.0.2,6,32768,15-10-75,183483
TreeMap,17.0.2,6,32768,15-10-75,183738
TreeMap,17.0.2,6,32768,15-10-75,183731
TreeMap,17.0.2,6,32768,15-10-75,183881
TreeMap,17.0.2,6,32768,15-10-75,184114
TreeMap,17.0.2,6,32768,15-10-75,184201
TreeMap,17.0.2,6,32768,15-10-75,183847
TreeMap,17.0.2,6,32768,15-10-75,183603
TreeMap,17.0.2,12,32768,15-10-75,328016
TreeMap,17.0.2,12,32768,15-10-75,326504
TreeMap,17.0.2,12,32768,15-10-75,326000
TreeMap,17.0.2,12,32768,15-10-75,325897
TreeMap,17.0.2,12,32768,15-10-75,328420
TreeMap,17.0.2,12,32768,15-10-75,326041
TreeMap,17.0.2,12,32768,15-10-75,325989
TreeMap,17.0.2,12,32768,15-10-75,326153
TreeMap,17.0.2,12,32768,15-10-75,328572
TreeMap,17.0.2,12,32768,15-10-75,328818
TreeMap,17.0.2,24,32768,15-10-75,531192
TreeMap,17.0.2,24,32768,15-10-75,533067
TreeMap,17.0.2,24,32768,15-10-75,536098
TreeMap,17.0.2,24,32768,15-10-75,536025
TreeMap,17.0.2,24,32768,15-10-75,536036
TreeMap,17.0.2,24,32768,15-10-75,534219
TreeMap,17.0.2,24,32768,15-10-75,537101
TreeMap,17.0.2,24,32768,15-10-75,537410
TreeMap,17.0.2,24,32768,15-10-75,534324
TreeMap,17.0.2,24,32768,15-10-75,535385
TreeMap,17.0.2,48,32768,15-10-75,744027
TreeMap,17.0.2,48,32768,15-10-75,743137
TreeMap,17.0.2,48,32768,15-10-75,739521
TreeMap,17.0.2,48,32768,15-10-75,736522
TreeMap,17.0.2,48,32768,15-10-75,743222
TreeMap,17.0.2,48,32768,15-10-75,745892
TreeMap,17.0.2,48,32768,15-10-75,739427
TreeMap,17.0.2,48,32768,15-10-75,745183
TreeMap,17.0.2,48,32768,15-10-75,742986
TreeMap,17.0.2,48,32768,15-10-75,745814
TreeMap,17.0.2,1,32768,38-25-37,64187
TreeMap,17.0.2,1,32768,38-25-37,63806
TreeMap,17.0.2,1,32768,38-25-37,64765
TreeMap,17.0.2,1,32768,38-25-37,64923
TreeMap,17.0.2,1,32768,38-25-37,64892
TreeMap,17.0.2,1,32768,38-25-37,63856
TreeMap,17.0.2,1,32768,38-25-37,63932
TreeMap,17.0.2,1,32768,38-25-37,63699
TreeMap,17.0.2,1,32768,38-25-37,63875
TreeMap,17.0.2,1,32768,38-25-37,63600
TreeMap,17.0.2,3,32768,38-25-37,171998
TreeMap,17.0.2,3,32768,38-25-37,169097
TreeMap,17.0.2,3,32768,38-25-37,169212
TreeMap,17.0.2,3,32768,38-25-37,169075
TreeMap,17.0.2,3,32768,38-25-37,169154
TreeMap,17.0.2,3,32768,38-25-37,169160
TreeMap,17.0.2,3,32768,38-25-37,168689
TreeMap,17.0.2,3,32768,38-25-37,169302
TreeMap,17.0.2,3,32768,38-25-37,168476
TreeMap,17.0.2,3,32768,38-25-37,168452
TreeMap,17.0.2,6,32768,38-25-37,288390
TreeMap,17.0.2,6,32768,38-25-37,284892
TreeMap,17.0.2,6,32768,38-25-37,284961
TreeMap,17.0.2,6,32768,38-25-37,285015
TreeMap,17.0.2,6,32768,38-25-37,284225
TreeMap,17.0.2,6,32768,38-25-37,284692
TreeMap,17.0.2,6,32768,38-25-37,284341
TreeMap,17.0.2,6,32768,38-25-37,284962
TreeMap,17.0.2,6,32768,38-25-37,285116
TreeMap,17.0.2,6,32768,38-25-37,285297
TreeMap,17.0.2,12,32768,38-25-37,484395
TreeMap,17.0.2,12,32768,38-25-37,481971
TreeMap,17.0.2,12,32768,38-25-37,481131
TreeMap,17.0.2,12,32768,38-25-37,481025
TreeMap,17.0.2,12,32768,38-25-37,481649
TreeMap,17.0.2,12,32768,38-25-37,481603
TreeMap,17.0.2,12,32768,38-25-37,481510
TreeMap,17.0.2,12,32768,38-25-37,481700
TreeMap,17.0.2,12,32768,38-25-37,482241
TreeMap,17.0.2,12,32768,38-25-37,482140
TreeMap,17.0.2,24,32768,38-25-37,844458
TreeMap,17.0.2,24,32768,38-25-37,848938
TreeMap,17.0.2,24,32768,38-25-37,850764
TreeMap,17.0.2,24,32768,38-25-37,847145
TreeMap,17.0.2,24,32768,38-25-37,847935
TreeMap,17.0.2,24,32768,38-25-37,848416
TreeMap,17.0.2,24,32768,38-25-37,849446
TreeMap,17.0.2,24,32768,38-25-37,854334
TreeMap,17.0.2,24,32768,38-25-37,853888
TreeMap,17.0.2,24,32768,38-25-37,848408
TreeMap,17.0.2,48,32768,38-25-37,1300591
TreeMap,17.0.2,48,32768,38-25-37,1312279
TreeMap,17.0.2,48,32768,38-25-37,1316622
TreeMap,17.0.2,48,32768,38-25-37,1322503
TreeMap,17.0.2,48,32768,38-25-37,1319154
TreeMap,17.0.2,48,32768,38-25-37,1318155
TreeMap,17.0.2,48,32768,38-25-37,1313239
TreeMap,17.0.2,48,32768,38-25-37,1317933
TreeMap,17.0.2,48,32768,38-25-37,1320414
TreeMap,17.0.2,48,32768,38-25-37,1319058
TreeMap,17.0.2,1,185363,75-10-15,22523
TreeMap,17.0.2,1,185363,75-10-15,21571
TreeMap,17.0.2,1,185363,75-10-15,21582
TreeMap,17.0.2,1,185363,75-10-15,21495
TreeMap,17.0.2,1,185363,75-10-15,21554
TreeMap,17.0.2,1,185363,75-10-15,21615
TreeMap,17.0.2,1,185363,75-10-15,21593
TreeMap,17.0.2,1,185363,75-10-15,21519
TreeMap,17.0.2,1,185363,75-10-15,21448
TreeMap,17.0.2,1,185363,75-10-15,21553
TreeMap,17.0.2,3,185363,75-10-15,65007
TreeMap,17.0.2,3,185363,75-10-15,62178
TreeMap,17.0.2,3,185363,75-10-15,61922
TreeMap,17.0.2,3,185363,75-10-15,62028
TreeMap,17.0.2,3,185363,75-10-15,61974
TreeMap,17.0.2,3,185363,75-10-15,62216
TreeMap,17.0.2,3,185363,75-10-15,62007
TreeMap,17.0.2,3,185363,75-10-15,62281
TreeMap,17.0.2,3,185363,75-10-15,62207
TreeMap,17.0.2,3,185363,75-10-15,62142
TreeMap,17.0.2,6,185363,75-10-15,122424
TreeMap,17.0.2,6,185363,75-10-15,118236
TreeMap,17.0.2,6,185363,75-10-15,118282
TreeMap,17.0.2,6,185363,75-10-15,118496
TreeMap,17.0.2,6,185363,75-10-15,117858
TreeMap,17.0.2,6,185363,75-10-15,118456
TreeMap,17.0.2,6,185363,75-10-15,118099
TreeMap,17.0.2,6,185363,75-10-15,117912
TreeMap,17.0.2,6,185363,75-10-15,118395
TreeMap,17.0.2,6,185363,75-10-15,118336
TreeMap,17.0.2,12,185363,75-10-15,219871
TreeMap,17.0.2,12,185363,75-10-15,214788
TreeMap,17.0.2,12,185363,75-10-15,214829
TreeMap,17.0.2,12,185363,75-10-15,215133
TreeMap,17.0.2,12,185363,75-10-15,213928
TreeMap,17.0.2,12,185363,75-10-15,214375
TreeMap,17.0.2,12,185363,75-10-15,214167
TreeMap,17.0.2,12,185363,75-10-15,214508
TreeMap,17.0.2,12,185363,75-10-15,214954
TreeMap,17.0.2,12,185363,75-10-15,214266
TreeMap,17.0.2,24,185363,75-10-15,366058
TreeMap,17.0.2,24,185363,75-10-15,363919
TreeMap,17.0.2,24,185363,75-10-15,364414
TreeMap,17.0.2,24,185363,75-10-15,363709
TreeMap,17.0.2,24,185363,75-10-15,364044
TreeMap,17.0.2,24,185363,75-10-15,364035
TreeMap,17.0.2,24,185363,75-10-15,365502
TreeMap,17.0.2,24,185363,75-10-15,363256
TreeMap,17.0.2,24,185363,75-10-15,362392
TreeMap,17.0.2,24,185363,75-10-15,364755
TreeMap,17.0.2,48,185363,75-10-15,475525
TreeMap,17.0.2,48,185363,75-10-15,471374
TreeMap,17.0.2,48,185363,75-10-15,472452
TreeMap,17.0.2,48,185363,75-10-15,472288
TreeMap,17.0.2,48,185363,75-10-15,473080
TreeMap,17.0.2,48,185363,75-10-15,472643
TreeMap,17.0.2,48,185363,75-10-15,471885
TreeMap,17.0.2,48,185363,75-10-15,473123
TreeMap,17.0.2,48,185363,75-10-15,472245
TreeMap,17.0.2,48,185363,75-10-15,472986
TreeMap,17.0.2,1,185363,18-65-17,19026
TreeMap,17.0.2,1,185363,18-65-17,18388
TreeMap,17.0.2,1,185363,18-65-17,18364
TreeMap,17.0.2,1,185363,18-65-17,18390
TreeMap,17.0.2,1,185363,18-65-17,18388
TreeMap,17.0.2,1,185363,18-65-17,18388
TreeMap,17.0.2,1,185363,18-65-17,18384
TreeMap,17.0.2,1,185363,18-65-17,18380
TreeMap,17.0.2,1,185363,18-65-17,18409
TreeMap,17.0.2,1,185363,18-65-17,18403
TreeMap,17.0.2,3,185363,18-65-17,47758
TreeMap,17.0.2,3,185363,18-65-17,47206
TreeMap,17.0.2,3,185363,18-65-17,47175
TreeMap,17.0.2,3,185363,18-65-17,47071
TreeMap,17.0.2,3,185363,18-65-17,47067
TreeMap,17.0.2,3,185363,18-65-17,47149
TreeMap,17.0.2,3,185363,18-65-17,47053
TreeMap,17.0.2,3,185363,18-65-17,47174
TreeMap,17.0.2,3,185363,18-65-17,47199
TreeMap,17.0.2,3,185363,18-65-17,47166
TreeMap,17.0.2,6,185363,18-65-17,79445
TreeMap,17.0.2,6,185363,18-65-17,78697
TreeMap,17.0.2,6,185363,18-65-17,77926
TreeMap,17.0.2,6,185363,18-65-17,78288
TreeMap,17.0.2,6,185363,18-65-17,78213
TreeMap,17.0.2,6,185363,18-65-17,78467
TreeMap,17.0.2,6,185363,18-65-17,78578
TreeMap,17.0.2,6,185363,18-65-17,78444
TreeMap,17.0.2,6,185363,18-65-17,78416
TreeMap,17.0.2,6,185363,18-65-17,78482
TreeMap,17.0.2,12,185363,18-65-17,119885
TreeMap,17.0.2,12,185363,18-65-17,118437
TreeMap,17.0.2,12,185363,18-65-17,118203
TreeMap,17.0.2,12,185363,18-65-17,117692
TreeMap,17.0.2,12,185363,18-65-17,118127
TreeMap,17.0.2,12,185363,18-65-17,118141
TreeMap,17.0.2,12,185363,18-65-17,119020
TreeMap,17.0.2,12,185363,18-65-17,118777
TreeMap,17.0.2,12,185363,18-65-17,119032
TreeMap,17.0.2,12,185363,18-65-17,118860
TreeMap,17.0.2,24,185363,18-65-17,171273
TreeMap,17.0.2,24,185363,18-65-17,172008
TreeMap,17.0.2,24,185363,18-65-17,171790
TreeMap,17.0.2,24,185363,18-65-17,171739
TreeMap,17.0.2,24,185363,18-65-17,171601
TreeMap,17.0.2,24,185363,18-65-17,172187
TreeMap,17.0.2,24,185363,18-65-17,171935
TreeMap,17.0.2,24,185363,18-65-17,172306
TreeMap,17.0.2,24,185363,18-65-17,172105
TreeMap,17.0.2,24,185363,18-65-17,171516
TreeMap,17.0.2,48,185363,18-65-17,232342
TreeMap,17.0.2,48,185363,18-65-17,232744
TreeMap,17.0.2,48,185363,18-65-17,231873
TreeMap,17.0.2,48,185363,18-65-17,231778
TreeMap,17.0.2,48,185363,18-65-17,230959
TreeMap,17.0.2,48,185363,18-65-17,231833
TreeMap,17.0.2,48,185363,18-65-17,232197
TreeMap,17.0.2,48,185363,18-65-17,231643
TreeMap,17.0.2,48,185363,18-65-17,232438
TreeMap,17.0.2,48,185363,18-65-17,232533
TreeMap,17.0.2,1,185363,15-10-75,4620
TreeMap,17.0.2,1,185363,15-10-75,4404
TreeMap,17.0.2,1,185363,15-10-75,4406
TreeMap,17.0.2,1,185363,15-10-75,4403
TreeMap,17.0.2,1,185363,15-10-75,4406
TreeMap,17.0.2,1,185363,15-10-75,4414
TreeMap,17.0.2,1,185363,15-10-75,4398
TreeMap,17.0.2,1,185363,15-10-75,4410
TreeMap,17.0.2,1,185363,15-10-75,4405
TreeMap,17.0.2,1,185363,15-10-75,4413
TreeMap,17.0.2,3,185363,15-10-75,13764
TreeMap,17.0.2,3,185363,15-10-75,13132
TreeMap,17.0.2,3,185363,15-10-75,13137
TreeMap,17.0.2,3,185363,15-10-75,13150
TreeMap,17.0.2,3,185363,15-10-75,13140
TreeMap,17.0.2,3,185363,15-10-75,13116
TreeMap,17.0.2,3,185363,15-10-75,13143
TreeMap,17.0.2,3,185363,15-10-75,13125
TreeMap,17.0.2,3,185363,15-10-75,13148
TreeMap,17.0.2,3,185363,15-10-75,13153
TreeMap,17.0.2,6,185363,15-10-75,27171
TreeMap,17.0.2,6,185363,15-10-75,25933
TreeMap,17.0.2,6,185363,15-10-75,25919
TreeMap,17.0.2,6,185363,15-10-75,25907
TreeMap,17.0.2,6,185363,15-10-75,25887
TreeMap,17.0.2,6,185363,15-10-75,25950
TreeMap,17.0.2,6,185363,15-10-75,25941
TreeMap,17.0.2,6,185363,15-10-75,25927
TreeMap,17.0.2,6,185363,15-10-75,25947
TreeMap,17.0.2,6,185363,15-10-75,25954
TreeMap,17.0.2,12,185363,15-10-75,52787
TreeMap,17.0.2,12,185363,15-10-75,50482
TreeMap,17.0.2,12,185363,15-10-75,50648
TreeMap,17.0.2,12,185363,15-10-75,50527
TreeMap,17.0.2,12,185363,15-10-75,50428
TreeMap,17.0.2,12,185363,15-10-75,50446
TreeMap,17.0.2,12,185363,15-10-75,50508
TreeMap,17.0.2,12,185363,15-10-75,50453
TreeMap,17.0.2,12,185363,15-10-75,50567
TreeMap,17.0.2,12,185363,15-10-75,50526
TreeMap,17.0.2,24,185363,15-10-75,99452
TreeMap,17.0.2,24,185363,15-10-75,95600
TreeMap,17.0.2,24,185363,15-10-75,95869
TreeMap,17.0.2,24,185363,15-10-75,95799
TreeMap,17.0.2,24,185363,15-10-75,96029
TreeMap,17.0.2,24,185363,15-10-75,96607
TreeMap,17.0.2,24,185363,15-10-75,95960
TreeMap,17.0.2,24,185363,15-10-75,95960
TreeMap,17.0.2,24,185363,15-10-75,95480
TreeMap,17.0.2,24,185363,15-10-75,96052
TreeMap,17.0.2,48,185363,15-10-75,393863
TreeMap,17.0.2,48,185363,15-10-75,116593
TreeMap,17.0.2,48,185363,15-10-75,116480
TreeMap,17.0.2,48,185363,15-10-75,115596
TreeMap,17.0.2,48,185363,15-10-75,115908
TreeMap,17.0.2,48,185363,15-10-75,115939
TreeMap,17.0.2,48,185363,15-10-75,115755
TreeMap,17.0.2,48,185363,15-10-75,115555
TreeMap,17.0.2,48,185363,15-10-75,114825
TreeMap,17.0.2,48,185363,15-10-75,115029
TreeMap,17.0.2,1,185363,38-25-37,9226
TreeMap,17.0.2,1,185363,38-25-37,8835
TreeMap,17.0.2,1,185363,38-25-37,8800
TreeMap,17.0.2,1,185363,38-25-37,8820
TreeMap,17.0.2,1,185363,38-25-37,8810
TreeMap,17.0.2,1,185363,38-25-37,8842
TreeMap,17.0.2,1,185363,38-25-37,8822
TreeMap,17.0.2,1,185363,38-25-37,8809
TreeMap,17.0.2,1,185363,38-25-37,8839
TreeMap,17.0.2,1,185363,38-25-37,8824
TreeMap,17.0.2,3,185363,38-25-37,26748
TreeMap,17.0.2,3,185363,38-25-37,25828
TreeMap,17.0.2,3,185363,38-25-37,25853
TreeMap,17.0.2,3,185363,38-25-37,25875
TreeMap,17.0.2,3,185363,38-25-37,25881
TreeMap,17.0.2,3,185363,38-25-37,25886
TreeMap,17.0.2,3,185363,38-25-37,25901
TreeMap,17.0.2,3,185363,38-25-37,25827
TreeMap,17.0.2,3,185363,38-25-37,25852
TreeMap,17.0.2,3,185363,38-25-37,25797
TreeMap,17.0.2,6,185363,38-25-37,50809
TreeMap,17.0.2,6,185363,38-25-37,49517
TreeMap,17.0.2,6,185363,38-25-37,49583
TreeMap,17.0.2,6,185363,38-25-37,49370
TreeMap,17.0.2,6,185363,38-25-37,49476
TreeMap,17.0.2,6,185363,38-25-37,49430
TreeMap,17.0.2,6,185363,38-25-37,49506
TreeMap,17.0.2,6,185363,38-25-37,49476
TreeMap,17.0.2,6,185363,38-25-37,49508
TreeMap,17.0.2,6,185363,38-25-37,49483
TreeMap,17.0.2,12,185363,38-25-37,91904
TreeMap,17.0.2,12,185363,38-25-37,90536
TreeMap,17.0.2,12,185363,38-25-37,90534
TreeMap,17.0.2,12,185363,38-25-37,90491
TreeMap,17.0.2,12,185363,38-25-37,90376
TreeMap,17.0.2,12,185363,38-25-37,90620
TreeMap,17.0.2,12,185363,38-25-37,90590
TreeMap,17.0.2,12,185363,38-25-37,90510
TreeMap,17.0.2,12,185363,38-25-37,90445
TreeMap,17.0.2,12,185363,38-25-37,90538
TreeMap,17.0.2,24,185363,38-25-37,151631
TreeMap,17.0.2,24,185363,38-25-37,153929
TreeMap,17.0.2,24,185363,38-25-37,154321
TreeMap,17.0.2,24,185363,38-25-37,154690
TreeMap,17.0.2,24,185363,38-25-37,152316
TreeMap,17.0.2,24,185363,38-25-37,154116
TreeMap,17.0.2,24,185363,38-25-37,153931
TreeMap,17.0.2,24,185363,38-25-37,152766
TreeMap,17.0.2,24,185363,38-25-37,152402
TreeMap,17.0.2,24,185363,38-25-37,153791
TreeMap,17.0.2,48,185363,38-25-37,204550
TreeMap,17.0.2,48,185363,38-25-37,202421
TreeMap,17.0.2,48,185363,38-25-37,202577
TreeMap,17.0.2,48,185363,38-25-37,202431
TreeMap,17.0.2,48,185363,38-25-37,203554
TreeMap,17.0.2,48,185363,38-25-37,201709
TreeMap,17.0.2,48,185363,38-25-37,203123
TreeMap,17.0.2,48,185363,38-25-37,202187
TreeMap,17.0.2,48,185363,38-25-37,201932
TreeMap,17.0.2,48,185363,38-25-37,202903
TreeMap,17.0.2,1,1048576,75-10-15,1795
TreeMap,17.0.2,1,1048576,75-10-15,2596
TreeMap,17.0.2,1,1048576,75-10-15,2608
TreeMap,17.0.2,1,1048576,75-10-15,2584
TreeMap,17.0.2,1,1048576,75-10-15,2533
TreeMap,17.0.2,1,1048576,75-10-15,2485
TreeMap,17.0.2,1,1048576,75-10-15,2620
TreeMap,17.0.2,1,1048576,75-10-15,2561
TreeMap,17.0.2,1,1048576,75-10-15,2546
TreeMap,17.0.2,1,1048576,75-10-15,2538
TreeMap,17.0.2,3,1048576,75-10-15,5329
TreeMap,17.0.2,3,1048576,75-10-15,1293
TreeMap,17.0.2,3,1048576,75-10-15,8038
TreeMap,17.0.2,3,1048576,75-10-15,8118
TreeMap,17.0.2,3,1048576,75-10-15,8074
TreeMap,17.0.2,3,1048576,75-10-15,8262
TreeMap,17.0.2,3,1048576,75-10-15,8055
TreeMap,17.0.2,3,1048576,75-10-15,8050
TreeMap,17.0.2,3,1048576,75-10-15,8085
TreeMap,17.0.2,3,1048576,75-10-15,8003
TreeMap,17.0.2,6,1048576,75-10-15,10688
TreeMap,17.0.2,6,1048576,75-10-15,15563
TreeMap,17.0.2,6,1048576,75-10-15,16095
TreeMap,17.0.2,6,1048576,75-10-15,15272
TreeMap,17.0.2,6,1048576,75-10-15,15072
TreeMap,17.0.2,6,1048576,75-10-15,14759
TreeMap,17.0.2,6,1048576,75-10-15,14676
TreeMap,17.0.2,6,1048576,75-10-15,14980
TreeMap,17.0.2,6,1048576,75-10-15,15250
TreeMap,17.0.2,6,1048576,75-10-15,15191
TreeMap,17.0.2,12,1048576,75-10-15,23190
TreeMap,17.0.2,12,1048576,75-10-15,31731
TreeMap,17.0.2,12,1048576,75-10-15,31597
TreeMap,17.0.2,12,1048576,75-10-15,31879
TreeMap,17.0.2,12,1048576,75-10-15,32052
TreeMap,17.0.2,12,1048576,75-10-15,31855
TreeMap,17.0.2,12,1048576,75-10-15,31937
TreeMap,17.0.2,12,1048576,75-10-15,31840
TreeMap,17.0.2,12,1048576,75-10-15,32050
TreeMap,17.0.2,12,1048576,75-10-15,32241
TreeMap,17.0.2,24,1048576,75-10-15,17371
TreeMap,17.0.2,24,1048576,75-10-15,11373
TreeMap,17.0.2,24,1048576,75-10-15,61089
TreeMap,17.0.2,24,1048576,75-10-15,62093
TreeMap,17.0.2,24,1048576,75-10-15,61513
TreeMap,17.0.2,24,1048576,75-10-15,61151
TreeMap,17.0.2,24,1048576,75-10-15,61999
TreeMap,17.0.2,24,1048576,75-10-15,62730
TreeMap,17.0.2,24,1048576,75-10-15,62222
TreeMap,17.0.2,24,1048576,75-10-15,61421
TreeMap,17.0.2,48,1048576,75-10-15,80186
TreeMap,17.0.2,48,1048576,75-10-15,127609
TreeMap,17.0.2,48,1048576,75-10-15,106034
TreeMap,17.0.2,48,1048576,75-10-15,105819
TreeMap,17.0.2,48,1048576,75-10-15,93883
TreeMap,17.0.2,48,1048576,75-10-15,107605
TreeMap,17.0.2,48,1048576,75-10-15,106572
TreeMap,17.0.2,48,1048576,75-10-15,106477
TreeMap,17.0.2,48,1048576,75-10-15,105199
TreeMap,17.0.2,48,1048576,75-10-15,121831
TreeMap,17.0.2,1,1048576,18-65-17,1400
TreeMap,17.0.2,1,1048576,18-65-17,2165
TreeMap,17.0.2,1,1048576,18-65-17,651
TreeMap,17.0.2,1,1048576,18-65-17,2203
TreeMap,17.0.2,1,1048576,18-65-17,2191
TreeMap,17.0.2,1,1048576,18-65-17,2185
TreeMap,17.0.2,1,1048576,18-65-17,2204
TreeMap,17.0.2,1,1048576,18-65-17,2202
TreeMap,17.0.2,1,1048576,18-65-17,2189
TreeMap,17.0.2,1,1048576,18-65-17,2166
TreeMap,17.0.2,3,1048576,18-65-17,1143
TreeMap,17.0.2,3,1048576,18-65-17,11808
TreeMap,17.0.2,3,1048576,18-65-17,12738
TreeMap,17.0.2,3,1048576,18-65-17,12908
TreeMap,17.0.2,3,1048576,18-65-17,11960
TreeMap,17.0.2,3,1048576,18-65-17,12959
TreeMap,17.0.2,3,1048576,18-65-17,12611
TreeMap,17.0.2,3,1048576,18-65-17,2349
TreeMap,17.0.2,3,1048576,18-65-17,11884
TreeMap,17.0.2,3,1048576,18-65-17,12389
TreeMap,17.0.2,6,1048576,18-65-17,3486
TreeMap,17.0.2,6,1048576,18-65-17,2213
TreeMap,17.0.2,6,1048576,18-65-17,13713
TreeMap,17.0.2,6,1048576,18-65-17,13677
TreeMap,17.0.2,6,1048576,18-65-17,13602
TreeMap,17.0.2,6,1048576,18-65-17,13749
TreeMap,17.0.2,6,1048576,18-65-17,13651
TreeMap,17.0.2,6,1048576,18-65-17,13627
TreeMap,17.0.2,6,1048576,18-65-17,4256
TreeMap,17.0.2,6,1048576,18-65-17,13698
TreeMap,17.0.2,12,1048576,18-65-17,18285
TreeMap,17.0.2,12,1048576,18-65-17,26358
TreeMap,17.0.2,12,1048576,18-65-17,26298
TreeMap,17.0.2,12,1048576,18-65-17,26793
TreeMap,17.0.2,12,1048576,18-65-17,26681
TreeMap,17.0.2,12,1048576,18-65-17,8727
TreeMap,17.0.2,12,1048576,18-65-17,26105
TreeMap,17.0.2,12,1048576,18-65-17,26787
TreeMap,17.0.2,12,1048576,18-65-17,26564
TreeMap,17.0.2,12,1048576,18-65-17,26485
TreeMap,17.0.2,24,1048576,18-65-17,14144
TreeMap,17.0.2,24,1048576,18-65-17,9158
TreeMap,17.0.2,24,1048576,18-65-17,50990
TreeMap,17.0.2,24,1048576,18-65-17,51184
TreeMap,17.0.2,24,1048576,18-65-17,51071
TreeMap,17.0.2,24,1048576,18-65-17,51212
TreeMap,17.0.2,24,1048576,18-65-17,17279
TreeMap,17.0.2,24,1048576,18-65-17,50134
TreeMap,17.0.2,24,1048576,18-65-17,51061
TreeMap,17.0.2,24,1048576,18-65-17,50932
TreeMap,17.0.2,48,1048576,18-65-17,25940
TreeMap,17.0.2,48,1048576,18-65-17,94975
TreeMap,17.0.2,48,1048576,18-65-17,77902
TreeMap,17.0.2,48,1048576,18-65-17,76957
TreeMap,17.0.2,48,1048576,18-65-17,78248
TreeMap,17.0.2,48,1048576,18-65-17,71557
TreeMap,17.0.2,48,1048576,18-65-17,77201
TreeMap,17.0.2,48,1048576,18-65-17,77514
TreeMap,17.0.2,48,1048576,18-65-17,77176
TreeMap,17.0.2,48,1048576,18-65-17,72996
TreeMap,17.0.2,1,1048576,15-10-75,319
TreeMap,17.0.2,1,1048576,15-10-75,496
TreeMap,17.0.2,1,1048576,15-10-75,142
TreeMap,17.0.2,1,1048576,15-10-75,496
TreeMap,17.0.2,1,1048576,15-10-75,492
TreeMap,17.0.2,1,1048576,15-10-75,495
TreeMap,17.0.2,1,1048576,15-10-75,497
TreeMap,17.0.2,1,1048576,15-10-75,145
TreeMap,17.0.2,1,1048576,15-10-75,497
TreeMap,17.0.2,1,1048576,15-10-75,484
TreeMap,17.0.2,3,1048576,15-10-75,1013
TreeMap,17.0.2,3,1048576,15-10-75,1557
TreeMap,17.0.2,3,1048576,15-10-75,1549
TreeMap,17.0.2,3,1048576,15-10-75,1528
TreeMap,17.0.2,3,1048576,15-10-75,452
TreeMap,17.0.2,3,1048576,15-10-75,1538
TreeMap,17.0.2,3,1048576,15-10-75,1538
TreeMap,17.0.2,3,1048576,15-10-75,1521
TreeMap,17.0.2,3,1048576,15-10-75,1521
TreeMap,17.0.2,3,1048576,15-10-75,1560
TreeMap,17.0.2,6,1048576,15-10-75,771
TreeMap,17.0.2,6,1048576,15-10-75,500
TreeMap,17.0.2,6,1048576,15-10-75,3156
TreeMap,17.0.2,6,1048576,15-10-75,3168
TreeMap,17.0.2,6,1048576,15-10-75,3224
TreeMap,17.0.2,6,1048576,15-10-75,3196
TreeMap,17.0.2,6,1048576,15-10-75,3091
TreeMap,17.0.2,6,1048576,15-10-75,3175
TreeMap,17.0.2,6,1048576,15-10-75,3073
TreeMap,17.0.2,6,1048576,15-10-75,933
TreeMap,17.0.2,12,1048576,15-10-75,4087
TreeMap,17.0.2,12,1048576,15-10-75,6033
TreeMap,17.0.2,12,1048576,15-10-75,5998
TreeMap,17.0.2,12,1048576,15-10-75,6016
TreeMap,17.0.2,12,1048576,15-10-75,6015
TreeMap,17.0.2,12,1048576,15-10-75,6046
TreeMap,17.0.2,12,1048576,15-10-75,6050
TreeMap,17.0.2,12,1048576,15-10-75,5993
TreeMap,17.0.2,12,1048576,15-10-75,6028
TreeMap,17.0.2,12,1048576,15-10-75,5991
TreeMap,17.0.2,24,1048576,15-10-75,8585
TreeMap,17.0.2,24,1048576,15-10-75,12126
TreeMap,17.0.2,24,1048576,15-10-75,12067
TreeMap,17.0.2,24,1048576,15-10-75,12240
TreeMap,17.0.2,24,1048576,15-10-75,12266
TreeMap,17.0.2,24,1048576,15-10-75,12333
TreeMap,17.0.2,24,1048576,15-10-75,11996
TreeMap,17.0.2,24,1048576,15-10-75,12101
TreeMap,17.0.2,24,1048576,15-10-75,12345
TreeMap,17.0.2,24,1048576,15-10-75,12302
TreeMap,17.0.2,48,1048576,15-10-75,26370
TreeMap,17.0.2,48,1048576,15-10-75,3847
TreeMap,17.0.2,48,1048576,15-10-75,20033
TreeMap,17.0.2,48,1048576,15-10-75,19897
TreeMap,17.0.2,48,1048576,15-10-75,19664
TreeMap,17.0.2,48,1048576,15-10-75,17749
TreeMap,17.0.2,48,1048576,15-10-75,19999
TreeMap,17.0.2,48,1048576,15-10-75,19833
TreeMap,17.0.2,48,1048576,15-10-75,19646
TreeMap,17.0.2,48,1048576,15-10-75,7076
TreeMap,17.0.2,1,1048576,38-25-37,595
TreeMap,17.0.2,1,1048576,38-25-37,938
TreeMap,17.0.2,1,1048576,38-25-37,294
TreeMap,17.0.2,1,1048576,38-25-37,957
TreeMap,17.0.2,1,1048576,38-25-37,944
TreeMap,17.0.2,1,1048576,38-25-37,938
TreeMap,17.0.2,1,1048576,38-25-37,956
TreeMap,17.0.2,1,1048576,38-25-37,934
TreeMap,17.0.2,1,1048576,38-25-37,938
TreeMap,17.0.2,1,1048576,38-25-37,941
TreeMap,17.0.2,3,1048576,38-25-37,2012
TreeMap,17.0.2,3,1048576,38-25-37,3092
TreeMap,17.0.2,3,1048576,38-25-37,3143
TreeMap,17.0.2,3,1048576,38-25-37,3158
TreeMap,17.0.2,3,1048576,38-25-37,3088
TreeMap,17.0.2,3,1048576,38-25-37,3101
TreeMap,17.0.2,3,1048576,38-25-37,3004
TreeMap,17.0.2,3,1048576,38-25-37,3110
TreeMap,17.0.2,3,1048576,38-25-37,883
TreeMap,17.0.2,3,1048576,38-25-37,3081
TreeMap,17.0.2,6,1048576,38-25-37,4171
TreeMap,17.0.2,6,1048576,38-25-37,1744
TreeMap,17.0.2,6,1048576,38-25-37,5958
TreeMap,17.0.2,6,1048576,38-25-37,6014
TreeMap,17.0.2,6,1048576,38-25-37,5901
TreeMap,17.0.2,6,1048576,38-25-37,5919
TreeMap,17.0.2,6,1048576,38-25-37,5967
TreeMap,17.0.2,6,1048576,38-25-37,5921
TreeMap,17.0.2,6,1048576,38-25-37,6028
TreeMap,17.0.2,6,1048576,38-25-37,5942
TreeMap,17.0.2,12,1048576,38-25-37,8941
TreeMap,17.0.2,12,1048576,38-25-37,12480
TreeMap,17.0.2,12,1048576,38-25-37,12477
TreeMap,17.0.2,12,1048576,38-25-37,4000
TreeMap,17.0.2,12,1048576,38-25-37,12266
TreeMap,17.0.2,12,1048576,38-25-37,12469
TreeMap,17.0.2,12,1048576,38-25-37,12388
TreeMap,17.0.2,12,1048576,38-25-37,12282
TreeMap,17.0.2,12,1048576,38-25-37,12288
TreeMap,17.0.2,12,1048576,38-25-37,12396
TreeMap,17.0.2,24,1048576,38-25-37,17071
TreeMap,17.0.2,24,1048576,38-25-37,24233
TreeMap,17.0.2,24,1048576,38-25-37,7977
TreeMap,17.0.2,24,1048576,38-25-37,24146
TreeMap,17.0.2,24,1048576,38-25-37,24414
TreeMap,17.0.2,24,1048576,38-25-37,24824
TreeMap,17.0.2,24,1048576,38-25-37,24144
TreeMap,17.0.2,24,1048576,38-25-37,24069
TreeMap,17.0.2,24,1048576,38-25-37,24404
TreeMap,17.0.2,24,1048576,38-25-37,24358
TreeMap,17.0.2,48,1048576,38-25-37,29616
TreeMap,17.0.2,48,1048576,38-25-37,51228
TreeMap,17.0.2,48,1048576,38-25-37,41986
TreeMap,17.0.2,48,1048576,38-25-37,15017
TreeMap,17.0.2,48,1048576,38-25-37,37877
TreeMap,17.0.2,48,1048576,38-25-37,42137
TreeMap,17.0.2,48,1048576,38-25-37,41833
TreeMap,17.0.2,48,1048576,38-25-37,41752
TreeMap,17.0.2,48,1048576,38-25-37,41893
TreeMap,17.0.2,48,1048576,38-25-37,38497
